email,nom,categorie,zone,etape,objet,corps
contact@sorhobis.fr,Accueil,boissons,dans les Bouches-du-Rhône,1,53 restaurants et commerces de bouche créés ou repris dans les Bouches-du-Rhône en 7 jours,"Bonjour,

La semaine dernière, 53 restaurants, bars et commerces de bouche ont été créés ou repris dans les Bouches-du-Rhône, dont Mystère (Marseille 7e), Mam'S (Aix-en-Provence) et Tuk Tuk (Eyguières).

Un établissement qui ouvre choisit son fournisseur de boissons dans ses premières semaines. Radar Entreprises vous envoie chaque matin la liste de ceux de votre zone : nom, activité, adresse et numéro SIREN, à partir des publications officielles du BODACC. Vous les contactez avant vos concurrents.

Je vous propose 7 jours d'essai gratuit, sans carte bancaire : répondez-moi simplement avec les départements que vous couvrez, et vous recevez la première liste demain matin.

Un aperçu de l'alerte : https://radar-entreprises.fr

Vincent Taupin
Radar Entreprises · radar-entreprises.fr

Si ce sujet ne vous concerne pas, répondez simplement « stop » : je ne vous recontacterai pas."
contact@sorhobis.fr,Accueil,boissons,dans les Bouches-du-Rhône,2,Re: 53 restaurants et commerces de bouche créés ou repris dans les Bouches-du-Rhône en 7 jours,"Bonjour,

Je me permets de revenir vers vous. Chaque matin, Radar Entreprises repère en moyenne 11 nouveaux restaurants et commerces de bouche dans les Bouches-du-Rhône.

Si vous voulez juger sur pièce, je peux vous envoyer la liste de demain, sans engagement. Il suffit de me répondre « oui ».

Vincent Taupin
Radar Entreprises · radar-entreprises.fr

Si ce sujet ne vous concerne pas, répondez simplement « stop » : je ne vous recontacterai pas."
contact@sorhobis.fr,Accueil,boissons,dans les Bouches-du-Rhône,3,Re: 53 restaurants et commerces de bouche créés ou repris dans les Bouches-du-Rhône en 7 jours,"Bonjour,

Dernier message de ma part sur ce sujet : si la prospection des nouveaux établissements n'est pas une priorité pour vous en ce moment, je ne vous relancerai plus.

Si c'est le cas plus tard, l'essai de 7 jours reste ouvert sur https://radar-entreprises.fr.

Bonne continuation,

Vincent Taupin
Radar Entreprises · radar-entreprises.fr"
contact@distriboissons.com,Distriboissons,boissons,à Paris,1,53 restaurants et commerces de bouche créés ou repris à Paris en 7 jours,"Bonjour,

La semaine dernière, 53 restaurants, bars et commerces de bouche ont été créés ou repris à Paris, dont Zero Market 2 (Paris), Sen (Paris) et Wellen (Paris).

Un établissement qui ouvre choisit son fournisseur de boissons dans ses premières semaines. Radar Entreprises vous envoie chaque matin la liste de ceux de votre zone : nom, activité, adresse et numéro SIREN, à partir des publications officielles du BODACC. Vous les contactez avant vos concurrents.

Je vous propose 7 jours d'essai gratuit, sans carte bancaire : répondez-moi simplement avec les départements que vous couvrez, et vous recevez la première liste demain matin.

Un aperçu de l'alerte : https://radar-entreprises.fr

Vincent Taupin
Radar Entreprises · radar-entreprises.fr

Si ce sujet ne vous concerne pas, répondez simplement « stop » : je ne vous recontacterai pas."
contact@distriboissons.com,Distriboissons,boissons,à Paris,2,Re: 53 restaurants et commerces de bouche créés ou repris à Paris en 7 jours,"Bonjour,

Je me permets de revenir vers vous. Chaque matin, Radar Entreprises repère en moyenne 11 nouveaux restaurants et commerces de bouche à Paris.

Si vous voulez juger sur pièce, je peux vous envoyer la liste de demain, sans engagement. Il suffit de me répondre « oui ».

Vincent Taupin
Radar Entreprises · radar-entreprises.fr

Si ce sujet ne vous concerne pas, répondez simplement « stop » : je ne vous recontacterai pas."
contact@distriboissons.com,Distriboissons,boissons,à Paris,3,Re: 53 restaurants et commerces de bouche créés ou repris à Paris en 7 jours,"Bonjour,

Dernier message de ma part sur ce sujet : si la prospection des nouveaux établissements n'est pas une priorité pour vous en ce moment, je ne vous relancerai plus.

Si c'est le cas plus tard, l'essai de 7 jours reste ouvert sur https://radar-entreprises.fr.

Bonne continuation,

Vincent Taupin
Radar Entreprises · radar-entreprises.fr"
contact@obiervin.fr,Accueil,boissons,en Loire-Atlantique,1,11 restaurants et commerces de bouche créés ou repris en Loire-Atlantique en 7 jours,"Bonjour,

La semaine dernière, 11 restaurants, bars et commerces de bouche ont été créés ou repris en Loire-Atlantique, dont Restaurant Le Castelli - Hotel De La Poste (Piriac-sur-Mer), Crêperie Martin (Herbignac) et Asb Food (Saint-Herblain).

Un établissement qui ouvre choisit son fournisseur de boissons dans ses premières semaines. Radar Entreprises vous envoie chaque matin la liste de ceux de votre zone : nom, activité, adresse et numéro SIREN, à partir des publications officielles du BODACC. Vous les contactez avant vos concurrents.

Je vous propose 7 jours d'essai gratuit, sans carte bancaire : répondez-moi simplement avec les départements que vous couvrez, et vous recevez la première liste demain matin.

Un aperçu de l'alerte : https://radar-entreprises.fr

Vincent Taupin
Radar Entreprises · radar-entreprises.fr

Si ce sujet ne vous concerne pas, répondez simplement « stop » : je ne vous recontacterai pas."
contact@obiervin.fr,Accueil,boissons,en Loire-Atlantique,2,Re: 11 restaurants et commerces de bouche créés ou repris en Loire-Atlantique en 7 jours,"Bonjour,

Je me permets de revenir vers vous. Chaque matin, Radar Entreprises repère en moyenne 2 nouveaux restaurants et commerces de bouche en Loire-Atlantique.

Si vous voulez juger sur pièce, je peux vous envoyer la liste de demain, sans engagement. Il suffit de me répondre « oui ».

Vincent Taupin
Radar Entreprises · radar-entreprises.fr

Si ce sujet ne vous concerne pas, répondez simplement « stop » : je ne vous recontacterai pas."
contact@obiervin.fr,Accueil,boissons,en Loire-Atlantique,3,Re: 11 restaurants et commerces de bouche créés ou repris en Loire-Atlantique en 7 jours,"Bonjour,

Dernier message de ma part sur ce sujet : si la prospection des nouveaux établissements n'est pas une priorité pour vous en ce moment, je ne vous relancerai plus.

Si c'est le cas plus tard, l'essai de 7 jours reste ouvert sur https://radar-entreprises.fr.

Bonne continuation,

Vincent Taupin
Radar Entreprises · radar-entreprises.fr"
alaryboissons@gmail.com,Alary Boissons Fournisseur boissons Narbonne Béziers Montpellier,boissons,dans l'Hérault,1,13 restaurants et commerces de bouche créés ou repris dans l'Hérault en 7 jours,"Bonjour,

La semaine dernière, 13 restaurants, bars et commerces de bouche ont été créés ou repris dans l'Hérault, dont La Bonne Pate (Ganges), Felix Bistrot (Neffiès) et 450 Degrés (Lunel).

Un établissement qui ouvre choisit son fournisseur de boissons dans ses premières semaines. Radar Entreprises vous envoie chaque matin la liste de ceux de votre zone : nom, activité, adresse et numéro SIREN, à partir des publications officielles du BODACC. Vous les contactez avant vos concurrents.

Je vous propose 7 jours d'essai gratuit, sans carte bancaire : répondez-moi simplement avec les départements que vous couvrez, et vous recevez la première liste demain matin.

Un aperçu de l'alerte : https://radar-entreprises.fr

Vincent Taupin
Radar Entreprises · radar-entreprises.fr

Si ce sujet ne vous concerne pas, répondez simplement « stop » : je ne vous recontacterai pas."
alaryboissons@gmail.com,Alary Boissons Fournisseur boissons Narbonne Béziers Montpellier,boissons,dans l'Hérault,2,Re: 13 restaurants et commerces de bouche créés ou repris dans l'Hérault en 7 jours,"Bonjour,

Je me permets de revenir vers vous. Chaque matin, Radar Entreprises repère en moyenne 3 nouveaux restaurants et commerces de bouche dans l'Hérault.

Si vous voulez juger sur pièce, je peux vous envoyer la liste de demain, sans engagement. Il suffit de me répondre « oui ».

Vincent Taupin
Radar Entreprises · radar-entreprises.fr

Si ce sujet ne vous concerne pas, répondez simplement « stop » : je ne vous recontacterai pas."
alaryboissons@gmail.com,Alary Boissons Fournisseur boissons Narbonne Béziers Montpellier,boissons,dans l'Hérault,3,Re: 13 restaurants et commerces de bouche créés ou repris dans l'Hérault en 7 jours,"Bonjour,

Dernier message de ma part sur ce sujet : si la prospection des nouveaux établissements n'est pas une priorité pour vous en ce moment, je ne vous relancerai plus.

Si c'est le cas plus tard, l'essai de 7 jours reste ouvert sur https://radar-entreprises.fr.

Bonne continuation,

Vincent Taupin
Radar Entreprises · radar-entreprises.fr"
contact@occitanieboissons.com,Occitanie Boissons,boissons,en Haute-Garonne,1,30 restaurants et commerces de bouche créés ou repris en Haute-Garonne en 7 jours,"Bonjour,

La semaine dernière, 30 restaurants, bars et commerces de bouche ont été créés ou repris en Haute-Garonne, dont Miyora Sushi (Saint-Gaudens), Mojo (Toulouse) et Marguerite (Pechbonnieu).

Un établissement qui ouvre choisit son fournisseur de boissons dans ses premières semaines. Radar Entreprises vous envoie chaque matin la liste de ceux de votre zone : nom, activité, adresse et numéro SIREN, à partir des publications officielles du BODACC. Vous les contactez avant vos concurrents.

Je vous propose 7 jours d'essai gratuit, sans carte bancaire : répondez-moi simplement avec les départements que vous couvrez, et vous recevez la première liste demain matin.

Un aperçu de l'alerte : https://radar-entreprises.fr

Vincent Taupin
Radar Entreprises · radar-entreprises.fr

Si ce sujet ne vous concerne pas, répondez simplement « stop » : je ne vous recontacterai pas."
contact@occitanieboissons.com,Occitanie Boissons,boissons,en Haute-Garonne,2,Re: 30 restaurants et commerces de bouche créés ou repris en Haute-Garonne en 7 jours,"Bonjour,

Je me permets de revenir vers vous. Chaque matin, Radar Entreprises repère en moyenne 6 nouveaux restaurants et commerces de bouche en Haute-Garonne.

Si vous voulez juger sur pièce, je peux vous envoyer la liste de demain, sans engagement. Il suffit de me répondre « oui ».

Vincent Taupin
Radar Entreprises · radar-entreprises.fr

Si ce sujet ne vous concerne pas, répondez simplement « stop » : je ne vous recontacterai pas."
contact@occitanieboissons.com,Occitanie Boissons,boissons,en Haute-Garonne,3,Re: 30 restaurants et commerces de bouche créés ou repris en Haute-Garonne en 7 jours,"Bonjour,

Dernier message de ma part sur ce sujet : si la prospection des nouveaux établissements n'est pas une priorité pour vous en ce moment, je ne vous relancerai plus.

Si c'est le cas plus tard, l'essai de 7 jours reste ouvert sur https://radar-entreprises.fr.

Bonne continuation,

Vincent Taupin
Radar Entreprises · radar-entreprises.fr"
contact@rhonealpesdistribution.fr,Rhône-Alpes Distribution,boissons,dans le Rhône,1,47 restaurants et commerces de bouche créés ou repris dans le Rhône en 7 jours,"Bonjour,

La semaine dernière, 47 restaurants, bars et commerces de bouche ont été créés ou repris dans le Rhône, dont Ji&Jo Restaurants (Val-d'Oingt), Panuo Lyon Part-Dieu (Lyon) et Bangkok Factory (Lyon).

Un établissement qui ouvre choisit son fournisseur de boissons dans ses premières semaines. Radar Entreprises vous envoie chaque matin la liste de ceux de votre zone : nom, activité, adresse et numéro SIREN, à partir des publications officielles du BODACC. Vous les contactez avant vos concurrents.

Je vous propose 7 jours d'essai gratuit, sans carte bancaire : répondez-moi simplement avec les départements que vous couvrez, et vous recevez la première liste demain matin.

Un aperçu de l'alerte : https://radar-entreprises.fr

Vincent Taupin
Radar Entreprises · radar-entreprises.fr

Si ce sujet ne vous concerne pas, répondez simplement « stop » : je ne vous recontacterai pas."
contact@rhonealpesdistribution.fr,Rhône-Alpes Distribution,boissons,dans le Rhône,2,Re: 47 restaurants et commerces de bouche créés ou repris dans le Rhône en 7 jours,"Bonjour,

Je me permets de revenir vers vous. Chaque matin, Radar Entreprises repère en moyenne 9 nouveaux restaurants et commerces de bouche dans le Rhône.

Si vous voulez juger sur pièce, je peux vous envoyer la liste de demain, sans engagement. Il suffit de me répondre « oui ».

Vincent Taupin
Radar Entreprises · radar-entreprises.fr

Si ce sujet ne vous concerne pas, répondez simplement « stop » : je ne vous recontacterai pas."
contact@rhonealpesdistribution.fr,Rhône-Alpes Distribution,boissons,dans le Rhône,3,Re: 47 restaurants et commerces de bouche créés ou repris dans le Rhône en 7 jours,"Bonjour,

Dernier message de ma part sur ce sujet : si la prospection des nouveaux établissements n'est pas une priorité pour vous en ce moment, je ne vous relancerai plus.

Si c'est le cas plus tard, l'essai de 7 jours reste ouvert sur https://radar-entreprises.fr.

Bonne continuation,

Vincent Taupin
Radar Entreprises · radar-entreprises.fr"
contact@comptoirdelabiere.net,Le Comptoir de la Bière,boissons,en Vendée,1,11 restaurants et commerces de bouche créés ou repris en Vendée en 7 jours,"Bonjour,

La semaine dernière, 11 restaurants, bars et commerces de bouche ont été créés ou repris en Vendée, dont Anse Rouge Corporation - ARC (Challans), Le Relais Saint Cyrien (Saint-Cyr-des-Gâts) et G-Krousty (La Roche-sur-Yon).

Un établissement qui ouvre choisit son fournisseur de boissons dans ses premières semaines. Radar Entreprises vous envoie chaque matin la liste de ceux de votre zone : nom, activité, adresse et numéro SIREN, à partir des publications officielles du BODACC. Vous les contactez avant vos concurrents.

Je vous propose 7 jours d'essai gratuit, sans carte bancaire : répondez-moi simplement avec les départements que vous couvrez, et vous recevez la première liste demain matin.

Un aperçu de l'alerte : https://radar-entreprises.fr

Vincent Taupin
Radar Entreprises · radar-entreprises.fr

Si ce sujet ne vous concerne pas, répondez simplement « stop » : je ne vous recontacterai pas."
contact@comptoirdelabiere.net,Le Comptoir de la Bière,boissons,en Vendée,2,Re: 11 restaurants et commerces de bouche créés ou repris en Vendée en 7 jours,"Bonjour,

Je me permets de revenir vers vous. Chaque matin, Radar Entreprises repère en moyenne 2 nouveaux restaurants et commerces de bouche en Vendée.

Si vous voulez juger sur pièce, je peux vous envoyer la liste de demain, sans engagement. Il suffit de me répondre « oui ».

Vincent Taupin
Radar Entreprises · radar-entreprises.fr

Si ce sujet ne vous concerne pas, répondez simplement « stop » : je ne vous recontacterai pas."
contact@comptoirdelabiere.net,Le Comptoir de la Bière,boissons,en Vendée,3,Re: 11 restaurants et commerces de bouche créés ou repris en Vendée en 7 jours,"Bonjour,

Dernier message de ma part sur ce sujet : si la prospection des nouveaux établissements n'est pas une priorité pour vous en ce moment, je ne vous relancerai plus.

Si c'est le cas plus tard, l'essai de 7 jours reste ouvert sur https://radar-entreprises.fr.

Bonne continuation,

Vincent Taupin
Radar Entreprises · radar-entreprises.fr"
contact@caldo-torrefaction.fr,Café artisanal torréfié en France,cafe,dans le Rhône,1,47 restaurants et commerces de bouche créés ou repris dans le Rhône en 7 jours,"Bonjour,

La semaine dernière, 47 restaurants, bars et commerces de bouche ont été créés ou repris dans le Rhône, dont Ji&Jo Restaurants (Val-d'Oingt), Panuo Lyon Part-Dieu (Lyon) et Bangkok Factory (Lyon).

Un établissement qui ouvre choisit son café et sa machine dans ses premières semaines. Radar Entreprises vous envoie chaque matin la liste de ceux de votre zone : nom, activité, adresse et numéro SIREN, à partir des publications officielles du BODACC. Vous les contactez avant vos concurrents.

Je vous propose 7 jours d'essai gratuit, sans carte bancaire : répondez-moi simplement avec les départements que vous couvrez, et vous recevez la première liste demain matin.

Un aperçu de l'alerte : https://radar-entreprises.fr

Vincent Taupin
Radar Entreprises · radar-entreprises.fr

Si ce sujet ne vous concerne pas, répondez simplement « stop » : je ne vous recontacterai pas."
contact@caldo-torrefaction.fr,Café artisanal torréfié en France,cafe,dans le Rhône,2,Re: 47 restaurants et commerces de bouche créés ou repris dans le Rhône en 7 jours,"Bonjour,

Je me permets de revenir vers vous. Chaque matin, Radar Entreprises repère en moyenne 9 nouveaux restaurants et commerces de bouche dans le Rhône.

Si vous voulez juger sur pièce, je peux vous envoyer la liste de demain, sans engagement. Il suffit de me répondre « oui ».

Vincent Taupin
Radar Entreprises · radar-entreprises.fr

Si ce sujet ne vous concerne pas, répondez simplement « stop » : je ne vous recontacterai pas."
contact@caldo-torrefaction.fr,Café artisanal torréfié en France,cafe,dans le Rhône,3,Re: 47 restaurants et commerces de bouche créés ou repris dans le Rhône en 7 jours,"Bonjour,

Dernier message de ma part sur ce sujet : si la prospection des nouveaux établissements n'est pas une priorité pour vous en ce moment, je ne vous relancerai plus.

Si c'est le cas plus tard, l'essai de 7 jours reste ouvert sur https://radar-entreprises.fr.

Bonne continuation,

Vincent Taupin
Radar Entreprises · radar-entreprises.fr"
info@cafes-bibal.fr,Cafés Bibal Torréfacteur depuis 1955,cafe,dans l'Hérault,1,13 restaurants et commerces de bouche créés ou repris dans l'Hérault en 7 jours,"Bonjour,

La semaine dernière, 13 restaurants, bars et commerces de bouche ont été créés ou repris dans l'Hérault, dont La Bonne Pate (Ganges), Felix Bistrot (Neffiès) et 450 Degrés (Lunel).

Un établissement qui ouvre choisit son café et sa machine dans ses premières semaines. Radar Entreprises vous envoie chaque matin la liste de ceux de votre zone : nom, activité, adresse et numéro SIREN, à partir des publications officielles du BODACC. Vous les contactez avant vos concurrents.

Je vous propose 7 jours d'essai gratuit, sans carte bancaire : répondez-moi simplement avec les départements que vous couvrez, et vous recevez la première liste demain matin.

Un aperçu de l'alerte : https://radar-entreprises.fr

Vincent Taupin
Radar Entreprises · radar-entreprises.fr

Si ce sujet ne vous concerne pas, répondez simplement « stop » : je ne vous recontacterai pas."
info@cafes-bibal.fr,Cafés Bibal Torréfacteur depuis 1955,cafe,dans l'Hérault,2,Re: 13 restaurants et commerces de bouche créés ou repris dans l'Hérault en 7 jours,"Bonjour,

Je me permets de revenir vers vous. Chaque matin, Radar Entreprises repère en moyenne 3 nouveaux restaurants et commerces de bouche dans l'Hérault.

Si vous voulez juger sur pièce, je peux vous envoyer la liste de demain, sans engagement. Il suffit de me répondre « oui ».

Vincent Taupin
Radar Entreprises · radar-entreprises.fr

Si ce sujet ne vous concerne pas, répondez simplement « stop » : je ne vous recontacterai pas."
info@cafes-bibal.fr,Cafés Bibal Torréfacteur depuis 1955,cafe,dans l'Hérault,3,Re: 13 restaurants et commerces de bouche créés ou repris dans l'Hérault en 7 jours,"Bonjour,

Dernier message de ma part sur ce sujet : si la prospection des nouveaux établissements n'est pas une priorité pour vous en ce moment, je ne vous relancerai plus.

Si c'est le cas plus tard, l'essai de 7 jours reste ouvert sur https://radar-entreprises.fr.

Bonne continuation,

Vincent Taupin
Radar Entreprises · radar-entreprises.fr"
atelier.judicieux@gmail.com,Judicieux,cafe,en Loire-Atlantique,1,11 restaurants et commerces de bouche créés ou repris en Loire-Atlantique en 7 jours,"Bonjour,

La semaine dernière, 11 restaurants, bars et commerces de bouche ont été créés ou repris en Loire-Atlantique, dont Restaurant Le Castelli - Hotel De La Poste (Piriac-sur-Mer), Crêperie Martin (Herbignac) et Asb Food (Saint-Herblain).

Un établissement qui ouvre choisit son café et sa machine dans ses premières semaines. Radar Entreprises vous envoie chaque matin la liste de ceux de votre zone : nom, activité, adresse et numéro SIREN, à partir des publications officielles du BODACC. Vous les contactez avant vos concurrents.

Je vous propose 7 jours d'essai gratuit, sans carte bancaire : répondez-moi simplement avec les départements que vous couvrez, et vous recevez la première liste demain matin.

Un aperçu de l'alerte : https://radar-entreprises.fr

Vincent Taupin
Radar Entreprises · radar-entreprises.fr

Si ce sujet ne vous concerne pas, répondez simplement « stop » : je ne vous recontacterai pas."
atelier.judicieux@gmail.com,Judicieux,cafe,en Loire-Atlantique,2,Re: 11 restaurants et commerces de bouche créés ou repris en Loire-Atlantique en 7 jours,"Bonjour,

Je me permets de revenir vers vous. Chaque matin, Radar Entreprises repère en moyenne 2 nouveaux restaurants et commerces de bouche en Loire-Atlantique.

Si vous voulez juger sur pièce, je peux vous envoyer la liste de demain, sans engagement. Il suffit de me répondre « oui ».

Vincent Taupin
Radar Entreprises · radar-entreprises.fr

Si ce sujet ne vous concerne pas, répondez simplement « stop » : je ne vous recontacterai pas."
atelier.judicieux@gmail.com,Judicieux,cafe,en Loire-Atlantique,3,Re: 11 restaurants et commerces de bouche créés ou repris en Loire-Atlantique en 7 jours,"Bonjour,

Dernier message de ma part sur ce sujet : si la prospection des nouveaux établissements n'est pas une priorité pour vous en ce moment, je ne vous relancerai plus.

Si c'est le cas plus tard, l'essai de 7 jours reste ouvert sur https://radar-entreprises.fr.

Bonne continuation,

Vincent Taupin
Radar Entreprises · radar-entreprises.fr"
boutique@cafes-legascon.com,Cafés Le Gascon,cafe,dans les Pyrénées-Atlantiques,1,9 restaurants et commerces de bouche créés ou repris dans les Pyrénées-Atlantiques en 7 jours,"Bonjour,

La semaine dernière, 9 restaurants, bars et commerces de bouche ont été créés ou repris dans les Pyrénées-Atlantiques, dont Ctn Restauration (Saint-Castin), Sarl Fortia (Pau) et La Mi -Temps (Bayonne).

Un établissement qui ouvre choisit son café et sa machine dans ses premières semaines. Radar Entreprises vous envoie chaque matin la liste de ceux de votre zone : nom, activité, adresse et numéro SIREN, à partir des publications officielles du BODACC. Vous les contactez avant vos concurrents.

Je vous propose 7 jours d'essai gratuit, sans carte bancaire : répondez-moi simplement avec les départements que vous couvrez, et vous recevez la première liste demain matin.

Un aperçu de l'alerte : https://radar-entreprises.fr

Vincent Taupin
Radar Entreprises · radar-entreprises.fr

Si ce sujet ne vous concerne pas, répondez simplement « stop » : je ne vous recontacterai pas."
boutique@cafes-legascon.com,Cafés Le Gascon,cafe,dans les Pyrénées-Atlantiques,2,Re: 9 restaurants et commerces de bouche créés ou repris dans les Pyrénées-Atlantiques en 7 jours,"Bonjour,

Je me permets de revenir vers vous. Chaque matin, Radar Entreprises repère en moyenne 2 nouveaux restaurants et commerces de bouche dans les Pyrénées-Atlantiques.

Si vous voulez juger sur pièce, je peux vous envoyer la liste de demain, sans engagement. Il suffit de me répondre « oui ».

Vincent Taupin
Radar Entreprises · radar-entreprises.fr

Si ce sujet ne vous concerne pas, répondez simplement « stop » : je ne vous recontacterai pas."
boutique@cafes-legascon.com,Cafés Le Gascon,cafe,dans les Pyrénées-Atlantiques,3,Re: 9 restaurants et commerces de bouche créés ou repris dans les Pyrénées-Atlantiques en 7 jours,"Bonjour,

Dernier message de ma part sur ce sujet : si la prospection des nouveaux établissements n'est pas une priorité pour vous en ce moment, je ne vous relancerai plus.

Si c'est le cas plus tard, l'essai de 7 jours reste ouvert sur https://radar-entreprises.fr.

Bonne continuation,

Vincent Taupin
Radar Entreprises · radar-entreprises.fr"
info@owlbrothers.com,Torréfacteur de café de spécialité artisanal à Lyon : Owl Brothers,cafe,dans le Rhône,1,47 restaurants et commerces de bouche créés ou repris dans le Rhône en 7 jours,"Bonjour,

La semaine dernière, 47 restaurants, bars et commerces de bouche ont été créés ou repris dans le Rhône, dont Ji&Jo Restaurants (Val-d'Oingt), Panuo Lyon Part-Dieu (Lyon) et Bangkok Factory (Lyon).

Un établissement qui ouvre choisit son café et sa machine dans ses premières semaines. Radar Entreprises vous envoie chaque matin la liste de ceux de votre zone : nom, activité, adresse et numéro SIREN, à partir des publications officielles du BODACC. Vous les contactez avant vos concurrents.

Je vous propose 7 jours d'essai gratuit, sans carte bancaire : répondez-moi simplement avec les départements que vous couvrez, et vous recevez la première liste demain matin.

Un aperçu de l'alerte : https://radar-entreprises.fr

Vincent Taupin
Radar Entreprises · radar-entreprises.fr

Si ce sujet ne vous concerne pas, répondez simplement « stop » : je ne vous recontacterai pas."
info@owlbrothers.com,Torréfacteur de café de spécialité artisanal à Lyon : Owl Brothers,cafe,dans le Rhône,2,Re: 47 restaurants et commerces de bouche créés ou repris dans le Rhône en 7 jours,"Bonjour,

Je me permets de revenir vers vous. Chaque matin, Radar Entreprises repère en moyenne 9 nouveaux restaurants et commerces de bouche dans le Rhône.

Si vous voulez juger sur pièce, je peux vous envoyer la liste de demain, sans engagement. Il suffit de me répondre « oui ».

Vincent Taupin
Radar Entreprises · radar-entreprises.fr

Si ce sujet ne vous concerne pas, répondez simplement « stop » : je ne vous recontacterai pas."
info@owlbrothers.com,Torréfacteur de café de spécialité artisanal à Lyon : Owl Brothers,cafe,dans le Rhône,3,Re: 47 restaurants et commerces de bouche créés ou repris dans le Rhône en 7 jours,"Bonjour,

Dernier message de ma part sur ce sujet : si la prospection des nouveaux établissements n'est pas une priorité pour vous en ce moment, je ne vous relancerai plus.

Si c'est le cas plus tard, l'essai de 7 jours reste ouvert sur https://radar-entreprises.fr.

Bonne continuation,

Vincent Taupin
Radar Entreprises · radar-entreprises.fr"
contact@labruleriedesfilatiers.fr,Café pour professionnels à Toulouse,cafe,en Haute-Garonne,1,30 restaurants et commerces de bouche créés ou repris en Haute-Garonne en 7 jours,"Bonjour,

La semaine dernière, 30 restaurants, bars et commerces de bouche ont été créés ou repris en Haute-Garonne, dont Miyora Sushi (Saint-Gaudens), Mojo (Toulouse) et Marguerite (Pechbonnieu).

Un établissement qui ouvre choisit son café et sa machine dans ses premières semaines. Radar Entreprises vous envoie chaque matin la liste de ceux de votre zone : nom, activité, adresse et numéro SIREN, à partir des publications officielles du BODACC. Vous les contactez avant vos concurrents.

Je vous propose 7 jours d'essai gratuit, sans carte bancaire : répondez-moi simplement avec les départements que vous couvrez, et vous recevez la première liste demain matin.

Un aperçu de l'alerte : https://radar-entreprises.fr

Vincent Taupin
Radar Entreprises · radar-entreprises.fr

Si ce sujet ne vous concerne pas, répondez simplement « stop » : je ne vous recontacterai pas."
contact@labruleriedesfilatiers.fr,Café pour professionnels à Toulouse,cafe,en Haute-Garonne,2,Re: 30 restaurants et commerces de bouche créés ou repris en Haute-Garonne en 7 jours,"Bonjour,

Je me permets de revenir vers vous. Chaque matin, Radar Entreprises repère en moyenne 6 nouveaux restaurants et commerces de bouche en Haute-Garonne.

Si vous voulez juger sur pièce, je peux vous envoyer la liste de demain, sans engagement. Il suffit de me répondre « oui ».

Vincent Taupin
Radar Entreprises · radar-entreprises.fr

Si ce sujet ne vous concerne pas, répondez simplement « stop » : je ne vous recontacterai pas."
contact@labruleriedesfilatiers.fr,Café pour professionnels à Toulouse,cafe,en Haute-Garonne,3,Re: 30 restaurants et commerces de bouche créés ou repris en Haute-Garonne en 7 jours,"Bonjour,

Dernier message de ma part sur ce sujet : si la prospection des nouveaux établissements n'est pas une priorité pour vous en ce moment, je ne vous relancerai plus.

Si c'est le cas plus tard, l'essai de 7 jours reste ouvert sur https://radar-entreprises.fr.

Bonne continuation,

Vincent Taupin
Radar Entreprises · radar-entreprises.fr"
adv@cafes-goneo.fr,Cafés Gonéo,cafe,dans le Rhône,1,47 restaurants et commerces de bouche créés ou repris dans le Rhône en 7 jours,"Bonjour,

La semaine dernière, 47 restaurants, bars et commerces de bouche ont été créés ou repris dans le Rhône, dont Ji&Jo Restaurants (Val-d'Oingt), Panuo Lyon Part-Dieu (Lyon) et Bangkok Factory (Lyon).

Un établissement qui ouvre choisit son café et sa machine dans ses premières semaines. Radar Entreprises vous envoie chaque matin la liste de ceux de votre zone : nom, activité, adresse et numéro SIREN, à partir des publications officielles du BODACC. Vous les contactez avant vos concurrents.

Je vous propose 7 jours d'essai gratuit, sans carte bancaire : répondez-moi simplement avec les départements que vous couvrez, et vous recevez la première liste demain matin.

Un aperçu de l'alerte : https://radar-entreprises.fr

Vincent Taupin
Radar Entreprises · radar-entreprises.fr

Si ce sujet ne vous concerne pas, répondez simplement « stop » : je ne vous recontacterai pas."
adv@cafes-goneo.fr,Cafés Gonéo,cafe,dans le Rhône,2,Re: 47 restaurants et commerces de bouche créés ou repris dans le Rhône en 7 jours,"Bonjour,

Je me permets de revenir vers vous. Chaque matin, Radar Entreprises repère en moyenne 9 nouveaux restaurants et commerces de bouche dans le Rhône.

Si vous voulez juger sur pièce, je peux vous envoyer la liste de demain, sans engagement. Il suffit de me répondre « oui ».

Vincent Taupin
Radar Entreprises · radar-entreprises.fr

Si ce sujet ne vous concerne pas, répondez simplement « stop » : je ne vous recontacterai pas."
adv@cafes-goneo.fr,Cafés Gonéo,cafe,dans le Rhône,3,Re: 47 restaurants et commerces de bouche créés ou repris dans le Rhône en 7 jours,"Bonjour,

Dernier message de ma part sur ce sujet : si la prospection des nouveaux établissements n'est pas une priorité pour vous en ce moment, je ne vous relancerai plus.

Si c'est le cas plus tard, l'essai de 7 jours reste ouvert sur https://radar-entreprises.fr.

Bonne continuation,

Vincent Taupin
Radar Entreprises · radar-entreprises.fr"
contact@loutsa.fr,LOUTSA TORREFACTEUR : Café en grain,cafe,dans le Rhône,1,47 restaurants et commerces de bouche créés ou repris dans le Rhône en 7 jours,"Bonjour,

La semaine dernière, 47 restaurants, bars et commerces de bouche ont été créés ou repris dans le Rhône, dont Ji&Jo Restaurants (Val-d'Oingt), Panuo Lyon Part-Dieu (Lyon) et Bangkok Factory (Lyon).

Un établissement qui ouvre choisit son café et sa machine dans ses premières semaines. Radar Entreprises vous envoie chaque matin la liste de ceux de votre zone : nom, activité, adresse et numéro SIREN, à partir des publications officielles du BODACC. Vous les contactez avant vos concurrents.

Je vous propose 7 jours d'essai gratuit, sans carte bancaire : répondez-moi simplement avec les départements que vous couvrez, et vous recevez la première liste demain matin.

Un aperçu de l'alerte : https://radar-entreprises.fr

Vincent Taupin
Radar Entreprises · radar-entreprises.fr

Si ce sujet ne vous concerne pas, répondez simplement « stop » : je ne vous recontacterai pas."
contact@loutsa.fr,LOUTSA TORREFACTEUR : Café en grain,cafe,dans le Rhône,2,Re: 47 restaurants et commerces de bouche créés ou repris dans le Rhône en 7 jours,"Bonjour,

Je me permets de revenir vers vous. Chaque matin, Radar Entreprises repère en moyenne 9 nouveaux restaurants et commerces de bouche dans le Rhône.

Si vous voulez juger sur pièce, je peux vous envoyer la liste de demain, sans engagement. Il suffit de me répondre « oui ».

Vincent Taupin
Radar Entreprises · radar-entreprises.fr

Si ce sujet ne vous concerne pas, répondez simplement « stop » : je ne vous recontacterai pas."
contact@loutsa.fr,LOUTSA TORREFACTEUR : Café en grain,cafe,dans le Rhône,3,Re: 47 restaurants et commerces de bouche créés ou repris dans le Rhône en 7 jours,"Bonjour,

Dernier message de ma part sur ce sujet : si la prospection des nouveaux établissements n'est pas une priorité pour vous en ce moment, je ne vous relancerai plus.

Si c'est le cas plus tard, l'essai de 7 jours reste ouvert sur https://radar-entreprises.fr.

Bonne continuation,

Vincent Taupin
Radar Entreprises · radar-entreprises.fr"
contacteznous@cafes-folliet.com,Cafés FOLLIET,cafe,en Savoie,1,11 restaurants et commerces de bouche créés ou repris en Savoie en 7 jours,"Bonjour,

La semaine dernière, 11 restaurants, bars et commerces de bouche ont été créés ou repris en Savoie, dont Alto Group (Les Allues), sainte agathe (la plagne tarentaise) et Rc2P Exploitation (Fontcouverte-la-Toussuire).

Un établissement qui ouvre choisit son café et sa machine dans ses premières semaines. Radar Entreprises vous envoie chaque matin la liste de ceux de votre zone : nom, activité, adresse et numéro SIREN, à partir des publications officielles du BODACC. Vous les contactez avant vos concurrents.

Je vous propose 7 jours d'essai gratuit, sans carte bancaire : répondez-moi simplement avec les départements que vous couvrez, et vous recevez la première liste demain matin.

Un aperçu de l'alerte : https://radar-entreprises.fr

Vincent Taupin
Radar Entreprises · radar-entreprises.fr

Si ce sujet ne vous concerne pas, répondez simplement « stop » : je ne vous recontacterai pas."
contacteznous@cafes-folliet.com,Cafés FOLLIET,cafe,en Savoie,2,Re: 11 restaurants et commerces de bouche créés ou repris en Savoie en 7 jours,"Bonjour,

Je me permets de revenir vers vous. Chaque matin, Radar Entreprises repère en moyenne 2 nouveaux restaurants et commerces de bouche en Savoie.

Si vous voulez juger sur pièce, je peux vous envoyer la liste de demain, sans engagement. Il suffit de me répondre « oui ».

Vincent Taupin
Radar Entreprises · radar-entreprises.fr

Si ce sujet ne vous concerne pas, répondez simplement « stop » : je ne vous recontacterai pas."
contacteznous@cafes-folliet.com,Cafés FOLLIET,cafe,en Savoie,3,Re: 11 restaurants et commerces de bouche créés ou repris en Savoie en 7 jours,"Bonjour,

Dernier message de ma part sur ce sujet : si la prospection des nouveaux établissements n'est pas une priorité pour vous en ce moment, je ne vous relancerai plus.

Si c'est le cas plus tard, l'essai de 7 jours reste ouvert sur https://radar-entreprises.fr.

Bonne continuation,

Vincent Taupin
Radar Entreprises · radar-entreprises.fr"
hello@hayuco.coffee,"Torréfacteur de cafés de spécialité
– Hayuco Coffee Roasters",cafe,en Haute-Garonne,1,30 restaurants et commerces de bouche créés ou repris en Haute-Garonne en 7 jours,"Bonjour,

La semaine dernière, 30 restaurants, bars et commerces de bouche ont été créés ou repris en Haute-Garonne, dont Miyora Sushi (Saint-Gaudens), Mojo (Toulouse) et Marguerite (Pechbonnieu).

Un établissement qui ouvre choisit son café et sa machine dans ses premières semaines. Radar Entreprises vous envoie chaque matin la liste de ceux de votre zone : nom, activité, adresse et numéro SIREN, à partir des publications officielles du BODACC. Vous les contactez avant vos concurrents.

Je vous propose 7 jours d'essai gratuit, sans carte bancaire : répondez-moi simplement avec les départements que vous couvrez, et vous recevez la première liste demain matin.

Un aperçu de l'alerte : https://radar-entreprises.fr

Vincent Taupin
Radar Entreprises · radar-entreprises.fr

Si ce sujet ne vous concerne pas, répondez simplement « stop » : je ne vous recontacterai pas."
hello@hayuco.coffee,"Torréfacteur de cafés de spécialité
– Hayuco Coffee Roasters",cafe,en Haute-Garonne,2,Re: 30 restaurants et commerces de bouche créés ou repris en Haute-Garonne en 7 jours,"Bonjour,

Je me permets de revenir vers vous. Chaque matin, Radar Entreprises repère en moyenne 6 nouveaux restaurants et commerces de bouche en Haute-Garonne.

Si vous voulez juger sur pièce, je peux vous envoyer la liste de demain, sans engagement. Il suffit de me répondre « oui ».

Vincent Taupin
Radar Entreprises · radar-entreprises.fr

Si ce sujet ne vous concerne pas, répondez simplement « stop » : je ne vous recontacterai pas."
hello@hayuco.coffee,"Torréfacteur de cafés de spécialité
– Hayuco Coffee Roasters",cafe,en Haute-Garonne,3,Re: 30 restaurants et commerces de bouche créés ou repris en Haute-Garonne en 7 jours,"Bonjour,

Dernier message de ma part sur ce sujet : si la prospection des nouveaux établissements n'est pas une priorité pour vous en ce moment, je ne vous relancerai plus.

Si c'est le cas plus tard, l'essai de 7 jours reste ouvert sur https://radar-entreprises.fr.

Bonne continuation,

Vincent Taupin
Radar Entreprises · radar-entreprises.fr"
contact@extencia.fr,"Cabinet Comptable EXTENCIA situé à Bordeaux, Paris et Lyon",comptable,en Gironde,1,25 restaurants et commerces de bouche créés ou repris en Gironde en 7 jours,"Bonjour,

La semaine dernière, 25 restaurants, bars et commerces de bouche ont été créés ou repris en Gironde, dont Hayal'M Kebab (Saint-André-de-Cubzac), Market Zagore (Bordeaux) et La Rôtisserie de Wendy (Cussac-Fort-Médoc).

Un établissement qui ouvre cherche un expert-comptable dans ses premières semaines. Radar Entreprises vous envoie chaque matin la liste de ceux de votre zone : nom, activité, adresse et numéro SIREN, à partir des publications officielles du BODACC. Vous les contactez avant vos concurrents.

Je vous propose 7 jours d'essai gratuit, sans carte bancaire : répondez-moi simplement avec les départements que vous couvrez, et vous recevez la première liste demain matin.

Un aperçu de l'alerte : https://radar-entreprises.fr

Vincent Taupin
Radar Entreprises · radar-entreprises.fr

Si ce sujet ne vous concerne pas, répondez simplement « stop » : je ne vous recontacterai pas."
contact@extencia.fr,"Cabinet Comptable EXTENCIA situé à Bordeaux, Paris et Lyon",comptable,en Gironde,2,Re: 25 restaurants et commerces de bouche créés ou repris en Gironde en 7 jours,"Bonjour,

Je me permets de revenir vers vous. Chaque matin, Radar Entreprises repère en moyenne 5 nouveaux restaurants et commerces de bouche en Gironde.

Si vous voulez juger sur pièce, je peux vous envoyer la liste de demain, sans engagement. Il suffit de me répondre « oui ».

Vincent Taupin
Radar Entreprises · radar-entreprises.fr

Si ce sujet ne vous concerne pas, répondez simplement « stop » : je ne vous recontacterai pas."
contact@extencia.fr,"Cabinet Comptable EXTENCIA situé à Bordeaux, Paris et Lyon",comptable,en Gironde,3,Re: 25 restaurants et commerces de bouche créés ou repris en Gironde en 7 jours,"Bonjour,

Dernier message de ma part sur ce sujet : si la prospection des nouveaux établissements n'est pas une priorité pour vous en ce moment, je ne vous relancerai plus.

Si c'est le cas plus tard, l'essai de 7 jours reste ouvert sur https://radar-entreprises.fr.

Bonne continuation,

Vincent Taupin
Radar Entreprises · radar-entreprises.fr"
contact@atacia.fr,ATACIA,comptable,en Gironde,1,25 restaurants et commerces de bouche créés ou repris en Gironde en 7 jours,"Bonjour,

La semaine dernière, 25 restaurants, bars et commerces de bouche ont été créés ou repris en Gironde, dont Hayal'M Kebab (Saint-André-de-Cubzac), Market Zagore (Bordeaux) et La Rôtisserie de Wendy (Cussac-Fort-Médoc).

Un établissement qui ouvre cherche un expert-comptable dans ses premières semaines. Radar Entreprises vous envoie chaque matin la liste de ceux de votre zone : nom, activité, adresse et numéro SIREN, à partir des publications officielles du BODACC. Vous les contactez avant vos concurrents.

Je vous propose 7 jours d'essai gratuit, sans carte bancaire : répondez-moi simplement avec les départements que vous couvrez, et vous recevez la première liste demain matin.

Un aperçu de l'alerte : https://radar-entreprises.fr

Vincent Taupin
Radar Entreprises · radar-entreprises.fr

Si ce sujet ne vous concerne pas, répondez simplement « stop » : je ne vous recontacterai pas."
contact@atacia.fr,ATACIA,comptable,en Gironde,2,Re: 25 restaurants et commerces de bouche créés ou repris en Gironde en 7 jours,"Bonjour,

Je me permets de revenir vers vous. Chaque matin, Radar Entreprises repère en moyenne 5 nouveaux restaurants et commerces de bouche en Gironde.

Si vous voulez juger sur pièce, je peux vous envoyer la liste de demain, sans engagement. Il suffit de me répondre « oui ».

Vincent Taupin
Radar Entreprises · radar-entreprises.fr

Si ce sujet ne vous concerne pas, répondez simplement « stop » : je ne vous recontacterai pas."
contact@atacia.fr,ATACIA,comptable,en Gironde,3,Re: 25 restaurants et commerces de bouche créés ou repris en Gironde en 7 jours,"Bonjour,

Dernier message de ma part sur ce sujet : si la prospection des nouveaux établissements n'est pas une priorité pour vous en ce moment, je ne vous relancerai plus.

Si c'est le cas plus tard, l'essai de 7 jours reste ouvert sur https://radar-entreprises.fr.

Bonne continuation,

Vincent Taupin
Radar Entreprises · radar-entreprises.fr"
contact@gt-expertise.fr,Cabinet d’expertise comptable à Paris,comptable,en France,1,1072 restaurants et commerces de bouche créés ou repris en France en 7 jours,"Bonjour,

La semaine dernière, 1072 restaurants, bars et commerces de bouche ont été créés ou repris en France, dont Si (Salon-de-Provence), Naisca (Marseille 1er) et Eurl Le Grand Sylvain (Trélévern).

Un établissement qui ouvre cherche un expert-comptable dans ses premières semaines. Radar Entreprises vous envoie chaque matin la liste de ceux de votre zone : nom, activité, adresse et numéro SIREN, à partir des publications officielles du BODACC. Vous les contactez avant vos concurrents.

Je vous propose 7 jours d'essai gratuit, sans carte bancaire : répondez-moi simplement avec les départements que vous couvrez, et vous recevez la première liste demain matin.

Un aperçu de l'alerte : https://radar-entreprises.fr

Vincent Taupin
Radar Entreprises · radar-entreprises.fr

Si ce sujet ne vous concerne pas, répondez simplement « stop » : je ne vous recontacterai pas."
contact@gt-expertise.fr,Cabinet d’expertise comptable à Paris,comptable,en France,2,Re: 1072 restaurants et commerces de bouche créés ou repris en France en 7 jours,"Bonjour,

Je me permets de revenir vers vous. Chaque matin, Radar Entreprises repère en moyenne 214 nouveaux restaurants et commerces de bouche en France.

Si vous voulez juger sur pièce, je peux vous envoyer la liste de demain, sans engagement. Il suffit de me répondre « oui ».

Vincent Taupin
Radar Entreprises · radar-entreprises.fr

Si ce sujet ne vous concerne pas, répondez simplement « stop » : je ne vous recontacterai pas."
contact@gt-expertise.fr,Cabinet d’expertise comptable à Paris,comptable,en France,3,Re: 1072 restaurants et commerces de bouche créés ou repris en France en 7 jours,"Bonjour,

Dernier message de ma part sur ce sujet : si la prospection des nouveaux établissements n'est pas une priorité pour vous en ce moment, je ne vous relancerai plus.

Si c'est le cas plus tard, l'essai de 7 jours reste ouvert sur https://radar-entreprises.fr.

Bonne continuation,

Vincent Taupin
Radar Entreprises · radar-entreprises.fr"
lege@erecapluriel.fr,Cabinets d'expertise comptable et gestion d'entreprise Bordeaux et Sud-Ouest,comptable,en Gironde,1,25 restaurants et commerces de bouche créés ou repris en Gironde en 7 jours,"Bonjour,

La semaine dernière, 25 restaurants, bars et commerces de bouche ont été créés ou repris en Gironde, dont Hayal'M Kebab (Saint-André-de-Cubzac), Market Zagore (Bordeaux) et La Rôtisserie de Wendy (Cussac-Fort-Médoc).

Un établissement qui ouvre cherche un expert-comptable dans ses premières semaines. Radar Entreprises vous envoie chaque matin la liste de ceux de votre zone : nom, activité, adresse et numéro SIREN, à partir des publications officielles du BODACC. Vous les contactez avant vos concurrents.

Je vous propose 7 jours d'essai gratuit, sans carte bancaire : répondez-moi simplement avec les départements que vous couvrez, et vous recevez la première liste demain matin.

Un aperçu de l'alerte : https://radar-entreprises.fr

Vincent Taupin
Radar Entreprises · radar-entreprises.fr

Si ce sujet ne vous concerne pas, répondez simplement « stop » : je ne vous recontacterai pas."
lege@erecapluriel.fr,Cabinets d'expertise comptable et gestion d'entreprise Bordeaux et Sud-Ouest,comptable,en Gironde,2,Re: 25 restaurants et commerces de bouche créés ou repris en Gironde en 7 jours,"Bonjour,

Je me permets de revenir vers vous. Chaque matin, Radar Entreprises repère en moyenne 5 nouveaux restaurants et commerces de bouche en Gironde.

Si vous voulez juger sur pièce, je peux vous envoyer la liste de demain, sans engagement. Il suffit de me répondre « oui ».

Vincent Taupin
Radar Entreprises · radar-entreprises.fr

Si ce sujet ne vous concerne pas, répondez simplement « stop » : je ne vous recontacterai pas."
lege@erecapluriel.fr,Cabinets d'expertise comptable et gestion d'entreprise Bordeaux et Sud-Ouest,comptable,en Gironde,3,Re: 25 restaurants et commerces de bouche créés ou repris en Gironde en 7 jours,"Bonjour,

Dernier message de ma part sur ce sujet : si la prospection des nouveaux établissements n'est pas une priorité pour vous en ce moment, je ne vous relancerai plus.

Si c'est le cas plus tard, l'essai de 7 jours reste ouvert sur https://radar-entreprises.fr.

Bonne continuation,

Vincent Taupin
Radar Entreprises · radar-entreprises.fr"
contact@ci33.fr,Accueil,comptable,en Gironde,1,25 restaurants et commerces de bouche créés ou repris en Gironde en 7 jours,"Bonjour,

La semaine dernière, 25 restaurants, bars et commerces de bouche ont été créés ou repris en Gironde, dont Hayal'M Kebab (Saint-André-de-Cubzac), Market Zagore (Bordeaux) et La Rôtisserie de Wendy (Cussac-Fort-Médoc).

Un établissement qui ouvre cherche un expert-comptable dans ses premières semaines. Radar Entreprises vous envoie chaque matin la liste de ceux de votre zone : nom, activité, adresse et numéro SIREN, à partir des publications officielles du BODACC. Vous les contactez avant vos concurrents.

Je vous propose 7 jours d'essai gratuit, sans carte bancaire : répondez-moi simplement avec les départements que vous couvrez, et vous recevez la première liste demain matin.

Un aperçu de l'alerte : https://radar-entreprises.fr

Vincent Taupin
Radar Entreprises · radar-entreprises.fr

Si ce sujet ne vous concerne pas, répondez simplement « stop » : je ne vous recontacterai pas."
contact@ci33.fr,Accueil,comptable,en Gironde,2,Re: 25 restaurants et commerces de bouche créés ou repris en Gironde en 7 jours,"Bonjour,

Je me permets de revenir vers vous. Chaque matin, Radar Entreprises repère en moyenne 5 nouveaux restaurants et commerces de bouche en Gironde.

Si vous voulez juger sur pièce, je peux vous envoyer la liste de demain, sans engagement. Il suffit de me répondre « oui ».

Vincent Taupin
Radar Entreprises · radar-entreprises.fr

Si ce sujet ne vous concerne pas, répondez simplement « stop » : je ne vous recontacterai pas."
contact@ci33.fr,Accueil,comptable,en Gironde,3,Re: 25 restaurants et commerces de bouche créés ou repris en Gironde en 7 jours,"Bonjour,

Dernier message de ma part sur ce sujet : si la prospection des nouveaux établissements n'est pas une priorité pour vous en ce moment, je ne vous relancerai plus.

Si c'est le cas plus tard, l'essai de 7 jours reste ouvert sur https://radar-entreprises.fr.

Bonne continuation,

Vincent Taupin
Radar Entreprises · radar-entreprises.fr"
info@cecca.fr,CECCA : Cabinet d'expert-comptable connecté et engagé,comptable,à Paris,1,53 restaurants et commerces de bouche créés ou repris à Paris en 7 jours,"Bonjour,

La semaine dernière, 53 restaurants, bars et commerces de bouche ont été créés ou repris à Paris, dont Zero Market 2 (Paris), Sen (Paris) et Wellen (Paris).

Un établissement qui ouvre cherche un expert-comptable dans ses premières semaines. Radar Entreprises vous envoie chaque matin la liste de ceux de votre zone : nom, activité, adresse et numéro SIREN, à partir des publications officielles du BODACC. Vous les contactez avant vos concurrents.

Je vous propose 7 jours d'essai gratuit, sans carte bancaire : répondez-moi simplement avec les départements que vous couvrez, et vous recevez la première liste demain matin.

Un aperçu de l'alerte : https://radar-entreprises.fr

Vincent Taupin
Radar Entreprises · radar-entreprises.fr

Si ce sujet ne vous concerne pas, répondez simplement « stop » : je ne vous recontacterai pas."
info@cecca.fr,CECCA : Cabinet d'expert-comptable connecté et engagé,comptable,à Paris,2,Re: 53 restaurants et commerces de bouche créés ou repris à Paris en 7 jours,"Bonjour,

Je me permets de revenir vers vous. Chaque matin, Radar Entreprises repère en moyenne 11 nouveaux restaurants et commerces de bouche à Paris.

Si vous voulez juger sur pièce, je peux vous envoyer la liste de demain, sans engagement. Il suffit de me répondre « oui ».

Vincent Taupin
Radar Entreprises · radar-entreprises.fr

Si ce sujet ne vous concerne pas, répondez simplement « stop » : je ne vous recontacterai pas."
info@cecca.fr,CECCA : Cabinet d'expert-comptable connecté et engagé,comptable,à Paris,3,Re: 53 restaurants et commerces de bouche créés ou repris à Paris en 7 jours,"Bonjour,

Dernier message de ma part sur ce sujet : si la prospection des nouveaux établissements n'est pas une priorité pour vous en ce moment, je ne vous relancerai plus.

Si c'est le cas plus tard, l'essai de 7 jours reste ouvert sur https://radar-entreprises.fr.

Bonne continuation,

Vincent Taupin
Radar Entreprises · radar-entreprises.fr"
contact@interexco.fr,Expert-comptable International à Paris,comptable,à Paris,1,53 restaurants et commerces de bouche créés ou repris à Paris en 7 jours,"Bonjour,

La semaine dernière, 53 restaurants, bars et commerces de bouche ont été créés ou repris à Paris, dont Zero Market 2 (Paris), Sen (Paris) et Wellen (Paris).

Un établissement qui ouvre cherche un expert-comptable dans ses premières semaines. Radar Entreprises vous envoie chaque matin la liste de ceux de votre zone : nom, activité, adresse et numéro SIREN, à partir des publications officielles du BODACC. Vous les contactez avant vos concurrents.

Je vous propose 7 jours d'essai gratuit, sans carte bancaire : répondez-moi simplement avec les départements que vous couvrez, et vous recevez la première liste demain matin.

Un aperçu de l'alerte : https://radar-entreprises.fr

Vincent Taupin
Radar Entreprises · radar-entreprises.fr

Si ce sujet ne vous concerne pas, répondez simplement « stop » : je ne vous recontacterai pas."
contact@interexco.fr,Expert-comptable International à Paris,comptable,à Paris,2,Re: 53 restaurants et commerces de bouche créés ou repris à Paris en 7 jours,"Bonjour,

Je me permets de revenir vers vous. Chaque matin, Radar Entreprises repère en moyenne 11 nouveaux restaurants et commerces de bouche à Paris.

Si vous voulez juger sur pièce, je peux vous envoyer la liste de demain, sans engagement. Il suffit de me répondre « oui ».

Vincent Taupin
Radar Entreprises · radar-entreprises.fr

Si ce sujet ne vous concerne pas, répondez simplement « stop » : je ne vous recontacterai pas."
contact@interexco.fr,Expert-comptable International à Paris,comptable,à Paris,3,Re: 53 restaurants et commerces de bouche créés ou repris à Paris en 7 jours,"Bonjour,

Dernier message de ma part sur ce sujet : si la prospection des nouveaux établissements n'est pas une priorité pour vous en ce moment, je ne vous relancerai plus.

Si c'est le cas plus tard, l'essai de 7 jours reste ouvert sur https://radar-entreprises.fr.

Bonne continuation,

Vincent Taupin
Radar Entreprises · radar-entreprises.fr"
contact@kerconseil.fr,KER : Expert Comptable,comptable,en Loire-Atlantique,1,11 restaurants et commerces de bouche créés ou repris en Loire-Atlantique en 7 jours,"Bonjour,

La semaine dernière, 11 restaurants, bars et commerces de bouche ont été créés ou repris en Loire-Atlantique, dont Restaurant Le Castelli - Hotel De La Poste (Piriac-sur-Mer), Crêperie Martin (Herbignac) et Asb Food (Saint-Herblain).

Un établissement qui ouvre cherche un expert-comptable dans ses premières semaines. Radar Entreprises vous envoie chaque matin la liste de ceux de votre zone : nom, activité, adresse et numéro SIREN, à partir des publications officielles du BODACC. Vous les contactez avant vos concurrents.

Je vous propose 7 jours d'essai gratuit, sans carte bancaire : répondez-moi simplement avec les départements que vous couvrez, et vous recevez la première liste demain matin.

Un aperçu de l'alerte : https://radar-entreprises.fr

Vincent Taupin
Radar Entreprises · radar-entreprises.fr

Si ce sujet ne vous concerne pas, répondez simplement « stop » : je ne vous recontacterai pas."
contact@kerconseil.fr,KER : Expert Comptable,comptable,en Loire-Atlantique,2,Re: 11 restaurants et commerces de bouche créés ou repris en Loire-Atlantique en 7 jours,"Bonjour,

Je me permets de revenir vers vous. Chaque matin, Radar Entreprises repère en moyenne 2 nouveaux restaurants et commerces de bouche en Loire-Atlantique.

Si vous voulez juger sur pièce, je peux vous envoyer la liste de demain, sans engagement. Il suffit de me répondre « oui ».

Vincent Taupin
Radar Entreprises · radar-entreprises.fr

Si ce sujet ne vous concerne pas, répondez simplement « stop » : je ne vous recontacterai pas."
contact@kerconseil.fr,KER : Expert Comptable,comptable,en Loire-Atlantique,3,Re: 11 restaurants et commerces de bouche créés ou repris en Loire-Atlantique en 7 jours,"Bonjour,

Dernier message de ma part sur ce sujet : si la prospection des nouveaux établissements n'est pas une priorité pour vous en ce moment, je ne vous relancerai plus.

Si c'est le cas plus tard, l'essai de 7 jours reste ouvert sur https://radar-entreprises.fr.

Bonne continuation,

Vincent Taupin
Radar Entreprises · radar-entreprises.fr"
contact@comptaresto.com,Expert-Comptable Restaurant à Paris — Spécialiste Restauration,comptable,à Paris,1,53 restaurants et commerces de bouche créés ou repris à Paris en 7 jours,"Bonjour,

La semaine dernière, 53 restaurants, bars et commerces de bouche ont été créés ou repris à Paris, dont Zero Market 2 (Paris), Sen (Paris) et Wellen (Paris).

Un établissement qui ouvre cherche un expert-comptable dans ses premières semaines. Radar Entreprises vous envoie chaque matin la liste de ceux de votre zone : nom, activité, adresse et numéro SIREN, à partir des publications officielles du BODACC. Vous les contactez avant vos concurrents.

Je vous propose 7 jours d'essai gratuit, sans carte bancaire : répondez-moi simplement avec les départements que vous couvrez, et vous recevez la première liste demain matin.

Un aperçu de l'alerte : https://radar-entreprises.fr

Vincent Taupin
Radar Entreprises · radar-entreprises.fr

Si ce sujet ne vous concerne pas, répondez simplement « stop » : je ne vous recontacterai pas."
contact@comptaresto.com,Expert-Comptable Restaurant à Paris — Spécialiste Restauration,comptable,à Paris,2,Re: 53 restaurants et commerces de bouche créés ou repris à Paris en 7 jours,"Bonjour,

Je me permets de revenir vers vous. Chaque matin, Radar Entreprises repère en moyenne 11 nouveaux restaurants et commerces de bouche à Paris.

Si vous voulez juger sur pièce, je peux vous envoyer la liste de demain, sans engagement. Il suffit de me répondre « oui ».

Vincent Taupin
Radar Entreprises · radar-entreprises.fr

Si ce sujet ne vous concerne pas, répondez simplement « stop » : je ne vous recontacterai pas."
contact@comptaresto.com,Expert-Comptable Restaurant à Paris — Spécialiste Restauration,comptable,à Paris,3,Re: 53 restaurants et commerces de bouche créés ou repris à Paris en 7 jours,"Bonjour,

Dernier message de ma part sur ce sujet : si la prospection des nouveaux établissements n'est pas une priorité pour vous en ce moment, je ne vous relancerai plus.

Si c'est le cas plus tard, l'essai de 7 jours reste ouvert sur https://radar-entreprises.fr.

Bonne continuation,

Vincent Taupin
Radar Entreprises · radar-entreprises.fr"
contact@moov.paris,Expert Comptable À Paris,comptable,à Paris,1,53 restaurants et commerces de bouche créés ou repris à Paris en 7 jours,"Bonjour,

La semaine dernière, 53 restaurants, bars et commerces de bouche ont été créés ou repris à Paris, dont Zero Market 2 (Paris), Sen (Paris) et Wellen (Paris).

Un établissement qui ouvre cherche un expert-comptable dans ses premières semaines. Radar Entreprises vous envoie chaque matin la liste de ceux de votre zone : nom, activité, adresse et numéro SIREN, à partir des publications officielles du BODACC. Vous les contactez avant vos concurrents.

Je vous propose 7 jours d'essai gratuit, sans carte bancaire : répondez-moi simplement avec les départements que vous couvrez, et vous recevez la première liste demain matin.

Un aperçu de l'alerte : https://radar-entreprises.fr

Vincent Taupin
Radar Entreprises · radar-entreprises.fr

Si ce sujet ne vous concerne pas, répondez simplement « stop » : je ne vous recontacterai pas."
contact@moov.paris,Expert Comptable À Paris,comptable,à Paris,2,Re: 53 restaurants et commerces de bouche créés ou repris à Paris en 7 jours,"Bonjour,

Je me permets de revenir vers vous. Chaque matin, Radar Entreprises repère en moyenne 11 nouveaux restaurants et commerces de bouche à Paris.

Si vous voulez juger sur pièce, je peux vous envoyer la liste de demain, sans engagement. Il suffit de me répondre « oui ».

Vincent Taupin
Radar Entreprises · radar-entreprises.fr

Si ce sujet ne vous concerne pas, répondez simplement « stop » : je ne vous recontacterai pas."
contact@moov.paris,Expert Comptable À Paris,comptable,à Paris,3,Re: 53 restaurants et commerces de bouche créés ou repris à Paris en 7 jours,"Bonjour,

Dernier message de ma part sur ce sujet : si la prospection des nouveaux établissements n'est pas une priorité pour vous en ce moment, je ne vous relancerai plus.

Si c'est le cas plus tard, l'essai de 7 jours reste ouvert sur https://radar-entreprises.fr.

Bonne continuation,

Vincent Taupin
Radar Entreprises · radar-entreprises.fr"
devis@tbsys.fr,"Solutions d'encaissement et de paiement, installation alarme et vidéosurveillance Bordeaux",caisse,en Gironde,1,25 restaurants et commerces de bouche créés ou repris en Gironde en 7 jours,"Bonjour,

La semaine dernière, 25 restaurants, bars et commerces de bouche ont été créés ou repris en Gironde, dont Hayal'M Kebab (Saint-André-de-Cubzac), Market Zagore (Bordeaux) et La Rôtisserie de Wendy (Cussac-Fort-Médoc).

Un établissement qui ouvre s'équipe d'une caisse et d'un terminal de paiement dans ses premières semaines. Radar Entreprises vous envoie chaque matin la liste de ceux de votre zone : nom, activité, adresse et numéro SIREN, à partir des publications officielles du BODACC. Vous les contactez avant vos concurrents.

Je vous propose 7 jours d'essai gratuit, sans carte bancaire : répondez-moi simplement avec les départements que vous couvrez, et vous recevez la première liste demain matin.

Un aperçu de l'alerte : https://radar-entreprises.fr

Vincent Taupin
Radar Entreprises · radar-entreprises.fr

Si ce sujet ne vous concerne pas, répondez simplement « stop » : je ne vous recontacterai pas."
devis@tbsys.fr,"Solutions d'encaissement et de paiement, installation alarme et vidéosurveillance Bordeaux",caisse,en Gironde,2,Re: 25 restaurants et commerces de bouche créés ou repris en Gironde en 7 jours,"Bonjour,

Je me permets de revenir vers vous. Chaque matin, Radar Entreprises repère en moyenne 5 nouveaux restaurants et commerces de bouche en Gironde.

Si vous voulez juger sur pièce, je peux vous envoyer la liste de demain, sans engagement. Il suffit de me répondre « oui ».

Vincent Taupin
Radar Entreprises · radar-entreprises.fr

Si ce sujet ne vous concerne pas, répondez simplement « stop » : je ne vous recontacterai pas."
devis@tbsys.fr,"Solutions d'encaissement et de paiement, installation alarme et vidéosurveillance Bordeaux",caisse,en Gironde,3,Re: 25 restaurants et commerces de bouche créés ou repris en Gironde en 7 jours,"Bonjour,

Dernier message de ma part sur ce sujet : si la prospection des nouveaux établissements n'est pas une priorité pour vous en ce moment, je ne vous relancerai plus.

Si c'est le cas plus tard, l'essai de 7 jours reste ouvert sur https://radar-entreprises.fr.

Bonne continuation,

Vincent Taupin
Radar Entreprises · radar-entreprises.fr"
info@useome.fr,uSEOme : Création Site Internet,caisse,à Paris,1,53 restaurants et commerces de bouche créés ou repris à Paris en 7 jours,"Bonjour,

La semaine dernière, 53 restaurants, bars et commerces de bouche ont été créés ou repris à Paris, dont Zero Market 2 (Paris), Sen (Paris) et Wellen (Paris).

Un établissement qui ouvre s'équipe d'une caisse et d'un terminal de paiement dans ses premières semaines. Radar Entreprises vous envoie chaque matin la liste de ceux de votre zone : nom, activité, adresse et numéro SIREN, à partir des publications officielles du BODACC. Vous les contactez avant vos concurrents.

Je vous propose 7 jours d'essai gratuit, sans carte bancaire : répondez-moi simplement avec les départements que vous couvrez, et vous recevez la première liste demain matin.

Un aperçu de l'alerte : https://radar-entreprises.fr

Vincent Taupin
Radar Entreprises · radar-entreprises.fr

Si ce sujet ne vous concerne pas, répondez simplement « stop » : je ne vous recontacterai pas."
info@useome.fr,uSEOme : Création Site Internet,caisse,à Paris,2,Re: 53 restaurants et commerces de bouche créés ou repris à Paris en 7 jours,"Bonjour,

Je me permets de revenir vers vous. Chaque matin, Radar Entreprises repère en moyenne 11 nouveaux restaurants et commerces de bouche à Paris.

Si vous voulez juger sur pièce, je peux vous envoyer la liste de demain, sans engagement. Il suffit de me répondre « oui ».

Vincent Taupin
Radar Entreprises · radar-entreprises.fr

Si ce sujet ne vous concerne pas, répondez simplement « stop » : je ne vous recontacterai pas."
info@useome.fr,uSEOme : Création Site Internet,caisse,à Paris,3,Re: 53 restaurants et commerces de bouche créés ou repris à Paris en 7 jours,"Bonjour,

Dernier message de ma part sur ce sujet : si la prospection des nouveaux établissements n'est pas une priorité pour vous en ce moment, je ne vous relancerai plus.

Si c'est le cas plus tard, l'essai de 7 jours reste ouvert sur https://radar-entreprises.fr.

Bonne continuation,

Vincent Taupin
Radar Entreprises · radar-entreprises.fr"
contact@tec-encaissements.fr,Caisse enregistreuse NF525 Hauts-de-France,caisse,dans le Nord,1,30 restaurants et commerces de bouche créés ou repris dans le Nord en 7 jours,"Bonjour,

La semaine dernière, 30 restaurants, bars et commerces de bouche ont été créés ou repris dans le Nord, dont Kfe D'Elite (Valenciennes), Ls & Associes (Wasquehal) et Nordia (Dunkerque).

Un établissement qui ouvre s'équipe d'une caisse et d'un terminal de paiement dans ses premières semaines. Radar Entreprises vous envoie chaque matin la liste de ceux de votre zone : nom, activité, adresse et numéro SIREN, à partir des publications officielles du BODACC. Vous les contactez avant vos concurrents.

Je vous propose 7 jours d'essai gratuit, sans carte bancaire : répondez-moi simplement avec les départements que vous couvrez, et vous recevez la première liste demain matin.

Un aperçu de l'alerte : https://radar-entreprises.fr

Vincent Taupin
Radar Entreprises · radar-entreprises.fr

Si ce sujet ne vous concerne pas, répondez simplement « stop » : je ne vous recontacterai pas."
contact@tec-encaissements.fr,Caisse enregistreuse NF525 Hauts-de-France,caisse,dans le Nord,2,Re: 30 restaurants et commerces de bouche créés ou repris dans le Nord en 7 jours,"Bonjour,

Je me permets de revenir vers vous. Chaque matin, Radar Entreprises repère en moyenne 6 nouveaux restaurants et commerces de bouche dans le Nord.

Si vous voulez juger sur pièce, je peux vous envoyer la liste de demain, sans engagement. Il suffit de me répondre « oui ».

Vincent Taupin
Radar Entreprises · radar-entreprises.fr

Si ce sujet ne vous concerne pas, répondez simplement « stop » : je ne vous recontacterai pas."
contact@tec-encaissements.fr,Caisse enregistreuse NF525 Hauts-de-France,caisse,dans le Nord,3,Re: 30 restaurants et commerces de bouche créés ou repris dans le Nord en 7 jours,"Bonjour,

Dernier message de ma part sur ce sujet : si la prospection des nouveaux établissements n'est pas une priorité pour vous en ce moment, je ne vous relancerai plus.

Si c'est le cas plus tard, l'essai de 7 jours reste ouvert sur https://radar-entreprises.fr.

Bonne continuation,

Vincent Taupin
Radar Entreprises · radar-entreprises.fr"
contact@dcb-technologies.fr,DCB Technologies,caisse,en France,1,1072 restaurants et commerces de bouche créés ou repris en France en 7 jours,"Bonjour,

La semaine dernière, 1072 restaurants, bars et commerces de bouche ont été créés ou repris en France, dont Si (Salon-de-Provence), Naisca (Marseille 1er) et Eurl Le Grand Sylvain (Trélévern).

Un établissement qui ouvre s'équipe d'une caisse et d'un terminal de paiement dans ses premières semaines. Radar Entreprises vous envoie chaque matin la liste de ceux de votre zone : nom, activité, adresse et numéro SIREN, à partir des publications officielles du BODACC. Vous les contactez avant vos concurrents.

Je vous propose 7 jours d'essai gratuit, sans carte bancaire : répondez-moi simplement avec les départements que vous couvrez, et vous recevez la première liste demain matin.

Un aperçu de l'alerte : https://radar-entreprises.fr

Vincent Taupin
Radar Entreprises · radar-entreprises.fr

Si ce sujet ne vous concerne pas, répondez simplement « stop » : je ne vous recontacterai pas."
contact@dcb-technologies.fr,DCB Technologies,caisse,en France,2,Re: 1072 restaurants et commerces de bouche créés ou repris en France en 7 jours,"Bonjour,

Je me permets de revenir vers vous. Chaque matin, Radar Entreprises repère en moyenne 214 nouveaux restaurants et commerces de bouche en France.

Si vous voulez juger sur pièce, je peux vous envoyer la liste de demain, sans engagement. Il suffit de me répondre « oui ».

Vincent Taupin
Radar Entreprises · radar-entreprises.fr

Si ce sujet ne vous concerne pas, répondez simplement « stop » : je ne vous recontacterai pas."
contact@dcb-technologies.fr,DCB Technologies,caisse,en France,3,Re: 1072 restaurants et commerces de bouche créés ou repris en France en 7 jours,"Bonjour,

Dernier message de ma part sur ce sujet : si la prospection des nouveaux établissements n'est pas une priorité pour vous en ce moment, je ne vous relancerai plus.

Si c'est le cas plus tard, l'essai de 7 jours reste ouvert sur https://radar-entreprises.fr.

Bonne continuation,

Vincent Taupin
Radar Entreprises · radar-entreprises.fr"
contact@artemis-solutions.fr,Artémis solutions,caisse,dans le Puy-de-Dôme,1,11 restaurants et commerces de bouche créés ou repris dans le Puy-de-Dôme en 7 jours,"Bonjour,

La semaine dernière, 11 restaurants, bars et commerces de bouche ont été créés ou repris dans le Puy-de-Dôme, dont L'Arche (Clermont-Ferrand), Le Glance (Clermont-Ferrand) et Riom Market (Riom).

Un établissement qui ouvre s'équipe d'une caisse et d'un terminal de paiement dans ses premières semaines. Radar Entreprises vous envoie chaque matin la liste de ceux de votre zone : nom, activité, adresse et numéro SIREN, à partir des publications officielles du BODACC. Vous les contactez avant vos concurrents.

Je vous propose 7 jours d'essai gratuit, sans carte bancaire : répondez-moi simplement avec les départements que vous couvrez, et vous recevez la première liste demain matin.

Un aperçu de l'alerte : https://radar-entreprises.fr

Vincent Taupin
Radar Entreprises · radar-entreprises.fr

Si ce sujet ne vous concerne pas, répondez simplement « stop » : je ne vous recontacterai pas."
contact@artemis-solutions.fr,Artémis solutions,caisse,dans le Puy-de-Dôme,2,Re: 11 restaurants et commerces de bouche créés ou repris dans le Puy-de-Dôme en 7 jours,"Bonjour,

Je me permets de revenir vers vous. Chaque matin, Radar Entreprises repère en moyenne 2 nouveaux restaurants et commerces de bouche dans le Puy-de-Dôme.

Si vous voulez juger sur pièce, je peux vous envoyer la liste de demain, sans engagement. Il suffit de me répondre « oui ».

Vincent Taupin
Radar Entreprises · radar-entreprises.fr

Si ce sujet ne vous concerne pas, répondez simplement « stop » : je ne vous recontacterai pas."
contact@artemis-solutions.fr,Artémis solutions,caisse,dans le Puy-de-Dôme,3,Re: 11 restaurants et commerces de bouche créés ou repris dans le Puy-de-Dôme en 7 jours,"Bonjour,

Dernier message de ma part sur ce sujet : si la prospection des nouveaux établissements n'est pas une priorité pour vous en ce moment, je ne vous relancerai plus.

Si c'est le cas plus tard, l'essai de 7 jours reste ouvert sur https://radar-entreprises.fr.

Bonne continuation,

Vincent Taupin
Radar Entreprises · radar-entreprises.fr"
contact@sodeco-france.com,Caisse Enregistreuse & TPE à Marseille 13,caisse,dans les Bouches-du-Rhône,1,53 restaurants et commerces de bouche créés ou repris dans les Bouches-du-Rhône en 7 jours,"Bonjour,

La semaine dernière, 53 restaurants, bars et commerces de bouche ont été créés ou repris dans les Bouches-du-Rhône, dont Mystère (Marseille 7e), Mam'S (Aix-en-Provence) et Tuk Tuk (Eyguières).

Un établissement qui ouvre s'équipe d'une caisse et d'un terminal de paiement dans ses premières semaines. Radar Entreprises vous envoie chaque matin la liste de ceux de votre zone : nom, activité, adresse et numéro SIREN, à partir des publications officielles du BODACC. Vous les contactez avant vos concurrents.

Je vous propose 7 jours d'essai gratuit, sans carte bancaire : répondez-moi simplement avec les départements que vous couvrez, et vous recevez la première liste demain matin.

Un aperçu de l'alerte : https://radar-entreprises.fr

Vincent Taupin
Radar Entreprises · radar-entreprises.fr

Si ce sujet ne vous concerne pas, répondez simplement « stop » : je ne vous recontacterai pas."
contact@sodeco-france.com,Caisse Enregistreuse & TPE à Marseille 13,caisse,dans les Bouches-du-Rhône,2,Re: 53 restaurants et commerces de bouche créés ou repris dans les Bouches-du-Rhône en 7 jours,"Bonjour,

Je me permets de revenir vers vous. Chaque matin, Radar Entreprises repère en moyenne 11 nouveaux restaurants et commerces de bouche dans les Bouches-du-Rhône.

Si vous voulez juger sur pièce, je peux vous envoyer la liste de demain, sans engagement. Il suffit de me répondre « oui ».

Vincent Taupin
Radar Entreprises · radar-entreprises.fr

Si ce sujet ne vous concerne pas, répondez simplement « stop » : je ne vous recontacterai pas."
contact@sodeco-france.com,Caisse Enregistreuse & TPE à Marseille 13,caisse,dans les Bouches-du-Rhône,3,Re: 53 restaurants et commerces de bouche créés ou repris dans les Bouches-du-Rhône en 7 jours,"Bonjour,

Dernier message de ma part sur ce sujet : si la prospection des nouveaux établissements n'est pas une priorité pour vous en ce moment, je ne vous relancerai plus.

Si c'est le cas plus tard, l'essai de 7 jours reste ouvert sur https://radar-entreprises.fr.

Bonne continuation,

Vincent Taupin
Radar Entreprises · radar-entreprises.fr"
contact@dgsys.fr,Caisse enregistreuse DGsys : réinventez votre expérience de vente,caisse,en Loire-Atlantique,1,11 restaurants et commerces de bouche créés ou repris en Loire-Atlantique en 7 jours,"Bonjour,

La semaine dernière, 11 restaurants, bars et commerces de bouche ont été créés ou repris en Loire-Atlantique, dont Restaurant Le Castelli - Hotel De La Poste (Piriac-sur-Mer), Crêperie Martin (Herbignac) et Asb Food (Saint-Herblain).

Un établissement qui ouvre s'équipe d'une caisse et d'un terminal de paiement dans ses premières semaines. Radar Entreprises vous envoie chaque matin la liste de ceux de votre zone : nom, activité, adresse et numéro SIREN, à partir des publications officielles du BODACC. Vous les contactez avant vos concurrents.

Je vous propose 7 jours d'essai gratuit, sans carte bancaire : répondez-moi simplement avec les départements que vous couvrez, et vous recevez la première liste demain matin.

Un aperçu de l'alerte : https://radar-entreprises.fr

Vincent Taupin
Radar Entreprises · radar-entreprises.fr

Si ce sujet ne vous concerne pas, répondez simplement « stop » : je ne vous recontacterai pas."
contact@dgsys.fr,Caisse enregistreuse DGsys : réinventez votre expérience de vente,caisse,en Loire-Atlantique,2,Re: 11 restaurants et commerces de bouche créés ou repris en Loire-Atlantique en 7 jours,"Bonjour,

Je me permets de revenir vers vous. Chaque matin, Radar Entreprises repère en moyenne 2 nouveaux restaurants et commerces de bouche en Loire-Atlantique.

Si vous voulez juger sur pièce, je peux vous envoyer la liste de demain, sans engagement. Il suffit de me répondre « oui ».

Vincent Taupin
Radar Entreprises · radar-entreprises.fr

Si ce sujet ne vous concerne pas, répondez simplement « stop » : je ne vous recontacterai pas."
contact@dgsys.fr,Caisse enregistreuse DGsys : réinventez votre expérience de vente,caisse,en Loire-Atlantique,3,Re: 11 restaurants et commerces de bouche créés ou repris en Loire-Atlantique en 7 jours,"Bonjour,

Dernier message de ma part sur ce sujet : si la prospection des nouveaux établissements n'est pas une priorité pour vous en ce moment, je ne vous relancerai plus.

Si c'est le cas plus tard, l'essai de 7 jours reste ouvert sur https://radar-entreprises.fr.

Bonne continuation,

Vincent Taupin
Radar Entreprises · radar-entreprises.fr"
contact@idcuisinepro.fr,Installation et Dépannage Matériel CHR à Bordeaux,cuisine_pro,en Gironde,1,25 restaurants et commerces de bouche créés ou repris en Gironde en 7 jours,"Bonjour,

La semaine dernière, 25 restaurants, bars et commerces de bouche ont été créés ou repris en Gironde, dont Hayal'M Kebab (Saint-André-de-Cubzac), Market Zagore (Bordeaux) et La Rôtisserie de Wendy (Cussac-Fort-Médoc).

Un établissement qui ouvre équipe sa cuisine dans ses premières semaines. Radar Entreprises vous envoie chaque matin la liste de ceux de votre zone : nom, activité, adresse et numéro SIREN, à partir des publications officielles du BODACC. Vous les contactez avant vos concurrents.

Je vous propose 7 jours d'essai gratuit, sans carte bancaire : répondez-moi simplement avec les départements que vous couvrez, et vous recevez la première liste demain matin.

Un aperçu de l'alerte : https://radar-entreprises.fr

Vincent Taupin
Radar Entreprises · radar-entreprises.fr

Si ce sujet ne vous concerne pas, répondez simplement « stop » : je ne vous recontacterai pas."
contact@idcuisinepro.fr,Installation et Dépannage Matériel CHR à Bordeaux,cuisine_pro,en Gironde,2,Re: 25 restaurants et commerces de bouche créés ou repris en Gironde en 7 jours,"Bonjour,

Je me permets de revenir vers vous. Chaque matin, Radar Entreprises repère en moyenne 5 nouveaux restaurants et commerces de bouche en Gironde.

Si vous voulez juger sur pièce, je peux vous envoyer la liste de demain, sans engagement. Il suffit de me répondre « oui ».

Vincent Taupin
Radar Entreprises · radar-entreprises.fr

Si ce sujet ne vous concerne pas, répondez simplement « stop » : je ne vous recontacterai pas."
contact@idcuisinepro.fr,Installation et Dépannage Matériel CHR à Bordeaux,cuisine_pro,en Gironde,3,Re: 25 restaurants et commerces de bouche créés ou repris en Gironde en 7 jours,"Bonjour,

Dernier message de ma part sur ce sujet : si la prospection des nouveaux établissements n'est pas une priorité pour vous en ce moment, je ne vous relancerai plus.

Si c'est le cas plus tard, l'essai de 7 jours reste ouvert sur https://radar-entreprises.fr.

Bonne continuation,

Vincent Taupin
Radar Entreprises · radar-entreprises.fr"
info@negoce-chr.com,Cuisine professionnelle,cuisine_pro,en Vendée,1,11 restaurants et commerces de bouche créés ou repris en Vendée en 7 jours,"Bonjour,

La semaine dernière, 11 restaurants, bars et commerces de bouche ont été créés ou repris en Vendée, dont Anse Rouge Corporation - ARC (Challans), Le Relais Saint Cyrien (Saint-Cyr-des-Gâts) et G-Krousty (La Roche-sur-Yon).

Un établissement qui ouvre équipe sa cuisine dans ses premières semaines. Radar Entreprises vous envoie chaque matin la liste de ceux de votre zone : nom, activité, adresse et numéro SIREN, à partir des publications officielles du BODACC. Vous les contactez avant vos concurrents.

Je vous propose 7 jours d'essai gratuit, sans carte bancaire : répondez-moi simplement avec les départements que vous couvrez, et vous recevez la première liste demain matin.

Un aperçu de l'alerte : https://radar-entreprises.fr

Vincent Taupin
Radar Entreprises · radar-entreprises.fr

Si ce sujet ne vous concerne pas, répondez simplement « stop » : je ne vous recontacterai pas."
info@negoce-chr.com,Cuisine professionnelle,cuisine_pro,en Vendée,2,Re: 11 restaurants et commerces de bouche créés ou repris en Vendée en 7 jours,"Bonjour,

Je me permets de revenir vers vous. Chaque matin, Radar Entreprises repère en moyenne 2 nouveaux restaurants et commerces de bouche en Vendée.

Si vous voulez juger sur pièce, je peux vous envoyer la liste de demain, sans engagement. Il suffit de me répondre « oui ».

Vincent Taupin
Radar Entreprises · radar-entreprises.fr

Si ce sujet ne vous concerne pas, répondez simplement « stop » : je ne vous recontacterai pas."
info@negoce-chr.com,Cuisine professionnelle,cuisine_pro,en Vendée,3,Re: 11 restaurants et commerces de bouche créés ou repris en Vendée en 7 jours,"Bonjour,

Dernier message de ma part sur ce sujet : si la prospection des nouveaux établissements n'est pas une priorité pour vous en ce moment, je ne vous relancerai plus.

Si c'est le cas plus tard, l'essai de 7 jours reste ouvert sur https://radar-entreprises.fr.

Bonne continuation,

Vincent Taupin
Radar Entreprises · radar-entreprises.fr"
contact@martinon.cc,Leader de la cuisine professionnelle à Lyon et alentours,cuisine_pro,dans le Rhône,1,47 restaurants et commerces de bouche créés ou repris dans le Rhône en 7 jours,"Bonjour,

La semaine dernière, 47 restaurants, bars et commerces de bouche ont été créés ou repris dans le Rhône, dont Ji&Jo Restaurants (Val-d'Oingt), Panuo Lyon Part-Dieu (Lyon) et Bangkok Factory (Lyon).

Un établissement qui ouvre équipe sa cuisine dans ses premières semaines. Radar Entreprises vous envoie chaque matin la liste de ceux de votre zone : nom, activité, adresse et numéro SIREN, à partir des publications officielles du BODACC. Vous les contactez avant vos concurrents.

Je vous propose 7 jours d'essai gratuit, sans carte bancaire : répondez-moi simplement avec les départements que vous couvrez, et vous recevez la première liste demain matin.

Un aperçu de l'alerte : https://radar-entreprises.fr

Vincent Taupin
Radar Entreprises · radar-entreprises.fr

Si ce sujet ne vous concerne pas, répondez simplement « stop » : je ne vous recontacterai pas."
contact@martinon.cc,Leader de la cuisine professionnelle à Lyon et alentours,cuisine_pro,dans le Rhône,2,Re: 47 restaurants et commerces de bouche créés ou repris dans le Rhône en 7 jours,"Bonjour,

Je me permets de revenir vers vous. Chaque matin, Radar Entreprises repère en moyenne 9 nouveaux restaurants et commerces de bouche dans le Rhône.

Si vous voulez juger sur pièce, je peux vous envoyer la liste de demain, sans engagement. Il suffit de me répondre « oui ».

Vincent Taupin
Radar Entreprises · radar-entreprises.fr

Si ce sujet ne vous concerne pas, répondez simplement « stop » : je ne vous recontacterai pas."
contact@martinon.cc,Leader de la cuisine professionnelle à Lyon et alentours,cuisine_pro,dans le Rhône,3,Re: 47 restaurants et commerces de bouche créés ou repris dans le Rhône en 7 jours,"Bonjour,

Dernier message de ma part sur ce sujet : si la prospection des nouveaux établissements n'est pas une priorité pour vous en ce moment, je ne vous relancerai plus.

Si c'est le cas plus tard, l'essai de 7 jours reste ouvert sur https://radar-entreprises.fr.

Bonne continuation,

Vincent Taupin
Radar Entreprises · radar-entreprises.fr"
hrcdiffusion@gmail.com,"HRC Diffusion : équipement professionnel pour les restaurants, hôtels, cafés",cuisine_pro,en Haute-Garonne,1,30 restaurants et commerces de bouche créés ou repris en Haute-Garonne en 7 jours,"Bonjour,

La semaine dernière, 30 restaurants, bars et commerces de bouche ont été créés ou repris en Haute-Garonne, dont Miyora Sushi (Saint-Gaudens), Mojo (Toulouse) et Marguerite (Pechbonnieu).

Un établissement qui ouvre équipe sa cuisine dans ses premières semaines. Radar Entreprises vous envoie chaque matin la liste de ceux de votre zone : nom, activité, adresse et numéro SIREN, à partir des publications officielles du BODACC. Vous les contactez avant vos concurrents.

Je vous propose 7 jours d'essai gratuit, sans carte bancaire : répondez-moi simplement avec les départements que vous couvrez, et vous recevez la première liste demain matin.

Un aperçu de l'alerte : https://radar-entreprises.fr

Vincent Taupin
Radar Entreprises · radar-entreprises.fr

Si ce sujet ne vous concerne pas, répondez simplement « stop » : je ne vous recontacterai pas."
hrcdiffusion@gmail.com,"HRC Diffusion : équipement professionnel pour les restaurants, hôtels, cafés",cuisine_pro,en Haute-Garonne,2,Re: 30 restaurants et commerces de bouche créés ou repris en Haute-Garonne en 7 jours,"Bonjour,

Je me permets de revenir vers vous. Chaque matin, Radar Entreprises repère en moyenne 6 nouveaux restaurants et commerces de bouche en Haute-Garonne.

Si vous voulez juger sur pièce, je peux vous envoyer la liste de demain, sans engagement. Il suffit de me répondre « oui ».

Vincent Taupin
Radar Entreprises · radar-entreprises.fr

Si ce sujet ne vous concerne pas, répondez simplement « stop » : je ne vous recontacterai pas."
hrcdiffusion@gmail.com,"HRC Diffusion : équipement professionnel pour les restaurants, hôtels, cafés",cuisine_pro,en Haute-Garonne,3,Re: 30 restaurants et commerces de bouche créés ou repris en Haute-Garonne en 7 jours,"Bonjour,

Dernier message de ma part sur ce sujet : si la prospection des nouveaux établissements n'est pas une priorité pour vous en ce moment, je ne vous relancerai plus.

Si c'est le cas plus tard, l'essai de 7 jours reste ouvert sur https://radar-entreprises.fr.

Bonne continuation,

Vincent Taupin
Radar Entreprises · radar-entreprises.fr"
contact@sos-chr.com,"Dépanneur, installateur, maintenance cuisine professionnelle France",cuisine_pro,en Haute-Garonne,1,30 restaurants et commerces de bouche créés ou repris en Haute-Garonne en 7 jours,"Bonjour,

La semaine dernière, 30 restaurants, bars et commerces de bouche ont été créés ou repris en Haute-Garonne, dont Miyora Sushi (Saint-Gaudens), Mojo (Toulouse) et Marguerite (Pechbonnieu).

Un établissement qui ouvre équipe sa cuisine dans ses premières semaines. Radar Entreprises vous envoie chaque matin la liste de ceux de votre zone : nom, activité, adresse et numéro SIREN, à partir des publications officielles du BODACC. Vous les contactez avant vos concurrents.

Je vous propose 7 jours d'essai gratuit, sans carte bancaire : répondez-moi simplement avec les départements que vous couvrez, et vous recevez la première liste demain matin.

Un aperçu de l'alerte : https://radar-entreprises.fr

Vincent Taupin
Radar Entreprises · radar-entreprises.fr

Si ce sujet ne vous concerne pas, répondez simplement « stop » : je ne vous recontacterai pas."
contact@sos-chr.com,"Dépanneur, installateur, maintenance cuisine professionnelle France",cuisine_pro,en Haute-Garonne,2,Re: 30 restaurants et commerces de bouche créés ou repris en Haute-Garonne en 7 jours,"Bonjour,

Je me permets de revenir vers vous. Chaque matin, Radar Entreprises repère en moyenne 6 nouveaux restaurants et commerces de bouche en Haute-Garonne.

Si vous voulez juger sur pièce, je peux vous envoyer la liste de demain, sans engagement. Il suffit de me répondre « oui ».

Vincent Taupin
Radar Entreprises · radar-entreprises.fr

Si ce sujet ne vous concerne pas, répondez simplement « stop » : je ne vous recontacterai pas."
contact@sos-chr.com,"Dépanneur, installateur, maintenance cuisine professionnelle France",cuisine_pro,en Haute-Garonne,3,Re: 30 restaurants et commerces de bouche créés ou repris en Haute-Garonne en 7 jours,"Bonjour,

Dernier message de ma part sur ce sujet : si la prospection des nouveaux établissements n'est pas une priorité pour vous en ce moment, je ne vous relancerai plus.

Si c'est le cas plus tard, l'essai de 7 jours reste ouvert sur https://radar-entreprises.fr.

Bonne continuation,

Vincent Taupin
Radar Entreprises · radar-entreprises.fr"
commercial@gea-assurances.com,"GEA ᐅ Courtier en Assurance pour Château, Hôtel, Restaurant HCR",assurance,en France,1,1072 restaurants et commerces de bouche créés ou repris en France en 7 jours,"Bonjour,

La semaine dernière, 1072 restaurants, bars et commerces de bouche ont été créés ou repris en France, dont Si (Salon-de-Provence), Naisca (Marseille 1er) et Eurl Le Grand Sylvain (Trélévern).

Un établissement qui ouvre doit souscrire sa multirisque professionnelle dans ses premières semaines. Radar Entreprises vous envoie chaque matin la liste de ceux de votre zone : nom, activité, adresse et numéro SIREN, à partir des publications officielles du BODACC. Vous les contactez avant vos concurrents.

Je vous propose 7 jours d'essai gratuit, sans carte bancaire : répondez-moi simplement avec les départements que vous couvrez, et vous recevez la première liste demain matin.

Un aperçu de l'alerte : https://radar-entreprises.fr

Vincent Taupin
Radar Entreprises · radar-entreprises.fr

Si ce sujet ne vous concerne pas, répondez simplement « stop » : je ne vous recontacterai pas."
commercial@gea-assurances.com,"GEA ᐅ Courtier en Assurance pour Château, Hôtel, Restaurant HCR",assurance,en France,2,Re: 1072 restaurants et commerces de bouche créés ou repris en France en 7 jours,"Bonjour,

Je me permets de revenir vers vous. Chaque matin, Radar Entreprises repère en moyenne 214 nouveaux restaurants et commerces de bouche en France.

Si vous voulez juger sur pièce, je peux vous envoyer la liste de demain, sans engagement. Il suffit de me répondre « oui ».

Vincent Taupin
Radar Entreprises · radar-entreprises.fr

Si ce sujet ne vous concerne pas, répondez simplement « stop » : je ne vous recontacterai pas."
commercial@gea-assurances.com,"GEA ᐅ Courtier en Assurance pour Château, Hôtel, Restaurant HCR",assurance,en France,3,Re: 1072 restaurants et commerces de bouche créés ou repris en France en 7 jours,"Bonjour,

Dernier message de ma part sur ce sujet : si la prospection des nouveaux établissements n'est pas une priorité pour vous en ce moment, je ne vous relancerai plus.

Si c'est le cas plus tard, l'essai de 7 jours reste ouvert sur https://radar-entreprises.fr.

Bonne continuation,

Vincent Taupin
Radar Entreprises · radar-entreprises.fr"
hello@assurresto.com,"Assurance, mutuelle et prévoyance pour restaurateurs Assur Resto",assurance,en France,1,1072 restaurants et commerces de bouche créés ou repris en France en 7 jours,"Bonjour,

La semaine dernière, 1072 restaurants, bars et commerces de bouche ont été créés ou repris en France, dont Si (Salon-de-Provence), Naisca (Marseille 1er) et Eurl Le Grand Sylvain (Trélévern).

Un établissement qui ouvre doit souscrire sa multirisque professionnelle dans ses premières semaines. Radar Entreprises vous envoie chaque matin la liste de ceux de votre zone : nom, activité, adresse et numéro SIREN, à partir des publications officielles du BODACC. Vous les contactez avant vos concurrents.

Je vous propose 7 jours d'essai gratuit, sans carte bancaire : répondez-moi simplement avec les départements que vous couvrez, et vous recevez la première liste demain matin.

Un aperçu de l'alerte : https://radar-entreprises.fr

Vincent Taupin
Radar Entreprises · radar-entreprises.fr

Si ce sujet ne vous concerne pas, répondez simplement « stop » : je ne vous recontacterai pas."
hello@assurresto.com,"Assurance, mutuelle et prévoyance pour restaurateurs Assur Resto",assurance,en France,2,Re: 1072 restaurants et commerces de bouche créés ou repris en France en 7 jours,"Bonjour,

Je me permets de revenir vers vous. Chaque matin, Radar Entreprises repère en moyenne 214 nouveaux restaurants et commerces de bouche en France.

Si vous voulez juger sur pièce, je peux vous envoyer la liste de demain, sans engagement. Il suffit de me répondre « oui ».

Vincent Taupin
Radar Entreprises · radar-entreprises.fr

Si ce sujet ne vous concerne pas, répondez simplement « stop » : je ne vous recontacterai pas."
hello@assurresto.com,"Assurance, mutuelle et prévoyance pour restaurateurs Assur Resto",assurance,en France,3,Re: 1072 restaurants et commerces de bouche créés ou repris en France en 7 jours,"Bonjour,

Dernier message de ma part sur ce sujet : si la prospection des nouveaux établissements n'est pas une priorité pour vous en ce moment, je ne vous relancerai plus.

Si c'est le cas plus tard, l'essai de 7 jours reste ouvert sur https://radar-entreprises.fr.

Bonne continuation,

Vincent Taupin
Radar Entreprises · radar-entreprises.fr"
contact@papafrance.fr,Emballage alimentaire pro pas cher,emballage,en France,1,1072 restaurants et commerces de bouche créés ou repris en France en 7 jours,"Bonjour,

La semaine dernière, 1072 restaurants, bars et commerces de bouche ont été créés ou repris en France, dont Si (Salon-de-Provence), Naisca (Marseille 1er) et Eurl Le Grand Sylvain (Trélévern).

Un établissement qui ouvre commande ses emballages de vente à emporter dans ses premières semaines. Radar Entreprises vous envoie chaque matin la liste de ceux de votre zone : nom, activité, adresse et numéro SIREN, à partir des publications officielles du BODACC. Vous les contactez avant vos concurrents.

Je vous propose 7 jours d'essai gratuit, sans carte bancaire : répondez-moi simplement avec les départements que vous couvrez, et vous recevez la première liste demain matin.

Un aperçu de l'alerte : https://radar-entreprises.fr

Vincent Taupin
Radar Entreprises · radar-entreprises.fr

Si ce sujet ne vous concerne pas, répondez simplement « stop » : je ne vous recontacterai pas."
contact@papafrance.fr,Emballage alimentaire pro pas cher,emballage,en France,2,Re: 1072 restaurants et commerces de bouche créés ou repris en France en 7 jours,"Bonjour,

Je me permets de revenir vers vous. Chaque matin, Radar Entreprises repère en moyenne 214 nouveaux restaurants et commerces de bouche en France.

Si vous voulez juger sur pièce, je peux vous envoyer la liste de demain, sans engagement. Il suffit de me répondre « oui ».

Vincent Taupin
Radar Entreprises · radar-entreprises.fr

Si ce sujet ne vous concerne pas, répondez simplement « stop » : je ne vous recontacterai pas."
contact@papafrance.fr,Emballage alimentaire pro pas cher,emballage,en France,3,Re: 1072 restaurants et commerces de bouche créés ou repris en France en 7 jours,"Bonjour,

Dernier message de ma part sur ce sujet : si la prospection des nouveaux établissements n'est pas une priorité pour vous en ce moment, je ne vous relancerai plus.

Si c'est le cas plus tard, l'essai de 7 jours reste ouvert sur https://radar-entreprises.fr.

Bonne continuation,

Vincent Taupin
Radar Entreprises · radar-entreprises.fr"
contact.smlfoodplastic@gmail.com,SML Food Plastic: Emballage alimentaire professionnel,emballage,en France,1,1072 restaurants et commerces de bouche créés ou repris en France en 7 jours,"Bonjour,

La semaine dernière, 1072 restaurants, bars et commerces de bouche ont été créés ou repris en France, dont Si (Salon-de-Provence), Naisca (Marseille 1er) et Eurl Le Grand Sylvain (Trélévern).

Un établissement qui ouvre commande ses emballages de vente à emporter dans ses premières semaines. Radar Entreprises vous envoie chaque matin la liste de ceux de votre zone : nom, activité, adresse et numéro SIREN, à partir des publications officielles du BODACC. Vous les contactez avant vos concurrents.

Je vous propose 7 jours d'essai gratuit, sans carte bancaire : répondez-moi simplement avec les départements que vous couvrez, et vous recevez la première liste demain matin.

Un aperçu de l'alerte : https://radar-entreprises.fr

Vincent Taupin
Radar Entreprises · radar-entreprises.fr

Si ce sujet ne vous concerne pas, répondez simplement « stop » : je ne vous recontacterai pas."
contact.smlfoodplastic@gmail.com,SML Food Plastic: Emballage alimentaire professionnel,emballage,en France,2,Re: 1072 restaurants et commerces de bouche créés ou repris en France en 7 jours,"Bonjour,

Je me permets de revenir vers vous. Chaque matin, Radar Entreprises repère en moyenne 214 nouveaux restaurants et commerces de bouche en France.

Si vous voulez juger sur pièce, je peux vous envoyer la liste de demain, sans engagement. Il suffit de me répondre « oui ».

Vincent Taupin
Radar Entreprises · radar-entreprises.fr

Si ce sujet ne vous concerne pas, répondez simplement « stop » : je ne vous recontacterai pas."
contact.smlfoodplastic@gmail.com,SML Food Plastic: Emballage alimentaire professionnel,emballage,en France,3,Re: 1072 restaurants et commerces de bouche créés ou repris en France en 7 jours,"Bonjour,

Dernier message de ma part sur ce sujet : si la prospection des nouveaux établissements n'est pas une priorité pour vous en ce moment, je ne vous relancerai plus.

Si c'est le cas plus tard, l'essai de 7 jours reste ouvert sur https://radar-entreprises.fr.

Bonne continuation,

Vincent Taupin
Radar Entreprises · radar-entreprises.fr"
service.commercial@packeos.com,Emballage alimentaire pas cher,emballage,en France,1,1072 restaurants et commerces de bouche créés ou repris en France en 7 jours,"Bonjour,

La semaine dernière, 1072 restaurants, bars et commerces de bouche ont été créés ou repris en France, dont Si (Salon-de-Provence), Naisca (Marseille 1er) et Eurl Le Grand Sylvain (Trélévern).

Un établissement qui ouvre commande ses emballages de vente à emporter dans ses premières semaines. Radar Entreprises vous envoie chaque matin la liste de ceux de votre zone : nom, activité, adresse et numéro SIREN, à partir des publications officielles du BODACC. Vous les contactez avant vos concurrents.

Je vous propose 7 jours d'essai gratuit, sans carte bancaire : répondez-moi simplement avec les départements que vous couvrez, et vous recevez la première liste demain matin.

Un aperçu de l'alerte : https://radar-entreprises.fr

Vincent Taupin
Radar Entreprises · radar-entreprises.fr

Si ce sujet ne vous concerne pas, répondez simplement « stop » : je ne vous recontacterai pas."
service.commercial@packeos.com,Emballage alimentaire pas cher,emballage,en France,2,Re: 1072 restaurants et commerces de bouche créés ou repris en France en 7 jours,"Bonjour,

Je me permets de revenir vers vous. Chaque matin, Radar Entreprises repère en moyenne 214 nouveaux restaurants et commerces de bouche en France.

Si vous voulez juger sur pièce, je peux vous envoyer la liste de demain, sans engagement. Il suffit de me répondre « oui ».

Vincent Taupin
Radar Entreprises · radar-entreprises.fr

Si ce sujet ne vous concerne pas, répondez simplement « stop » : je ne vous recontacterai pas."
service.commercial@packeos.com,Emballage alimentaire pas cher,emballage,en France,3,Re: 1072 restaurants et commerces de bouche créés ou repris en France en 7 jours,"Bonjour,

Dernier message de ma part sur ce sujet : si la prospection des nouveaux établissements n'est pas une priorité pour vous en ce moment, je ne vous relancerai plus.

Si c'est le cas plus tard, l'essai de 7 jours reste ouvert sur https://radar-entreprises.fr.

Bonne continuation,

Vincent Taupin
Radar Entreprises · radar-entreprises.fr"
webcontact@pkgfood.fr,Emballage alimentaire professionnel : PKG FOOD,emballage,en France,1,1072 restaurants et commerces de bouche créés ou repris en France en 7 jours,"Bonjour,

La semaine dernière, 1072 restaurants, bars et commerces de bouche ont été créés ou repris en France, dont Si (Salon-de-Provence), Naisca (Marseille 1er) et Eurl Le Grand Sylvain (Trélévern).

Un établissement qui ouvre commande ses emballages de vente à emporter dans ses premières semaines. Radar Entreprises vous envoie chaque matin la liste de ceux de votre zone : nom, activité, adresse et numéro SIREN, à partir des publications officielles du BODACC. Vous les contactez avant vos concurrents.

Je vous propose 7 jours d'essai gratuit, sans carte bancaire : répondez-moi simplement avec les départements que vous couvrez, et vous recevez la première liste demain matin.

Un aperçu de l'alerte : https://radar-entreprises.fr

Vincent Taupin
Radar Entreprises · radar-entreprises.fr

Si ce sujet ne vous concerne pas, répondez simplement « stop » : je ne vous recontacterai pas."
webcontact@pkgfood.fr,Emballage alimentaire professionnel : PKG FOOD,emballage,en France,2,Re: 1072 restaurants et commerces de bouche créés ou repris en France en 7 jours,"Bonjour,

Je me permets de revenir vers vous. Chaque matin, Radar Entreprises repère en moyenne 214 nouveaux restaurants et commerces de bouche en France.

Si vous voulez juger sur pièce, je peux vous envoyer la liste de demain, sans engagement. Il suffit de me répondre « oui ».

Vincent Taupin
Radar Entreprises · radar-entreprises.fr

Si ce sujet ne vous concerne pas, répondez simplement « stop » : je ne vous recontacterai pas."
webcontact@pkgfood.fr,Emballage alimentaire professionnel : PKG FOOD,emballage,en France,3,Re: 1072 restaurants et commerces de bouche créés ou repris en France en 7 jours,"Bonjour,

Dernier message de ma part sur ce sujet : si la prospection des nouveaux établissements n'est pas une priorité pour vous en ce moment, je ne vous relancerai plus.

Si c'est le cas plus tard, l'essai de 7 jours reste ouvert sur https://radar-entreprises.fr.

Bonne continuation,

Vincent Taupin
Radar Entreprises · radar-entreprises.fr"
contact@jorideal.fr,L'emballage alimentaire est notre spécialité,emballage,en France,1,1072 restaurants et commerces de bouche créés ou repris en France en 7 jours,"Bonjour,

La semaine dernière, 1072 restaurants, bars et commerces de bouche ont été créés ou repris en France, dont Si (Salon-de-Provence), Naisca (Marseille 1er) et Eurl Le Grand Sylvain (Trélévern).

Un établissement qui ouvre commande ses emballages de vente à emporter dans ses premières semaines. Radar Entreprises vous envoie chaque matin la liste de ceux de votre zone : nom, activité, adresse et numéro SIREN, à partir des publications officielles du BODACC. Vous les contactez avant vos concurrents.

Je vous propose 7 jours d'essai gratuit, sans carte bancaire : répondez-moi simplement avec les départements que vous couvrez, et vous recevez la première liste demain matin.

Un aperçu de l'alerte : https://radar-entreprises.fr

Vincent Taupin
Radar Entreprises · radar-entreprises.fr

Si ce sujet ne vous concerne pas, répondez simplement « stop » : je ne vous recontacterai pas."
contact@jorideal.fr,L'emballage alimentaire est notre spécialité,emballage,en France,2,Re: 1072 restaurants et commerces de bouche créés ou repris en France en 7 jours,"Bonjour,

Je me permets de revenir vers vous. Chaque matin, Radar Entreprises repère en moyenne 214 nouveaux restaurants et commerces de bouche en France.

Si vous voulez juger sur pièce, je peux vous envoyer la liste de demain, sans engagement. Il suffit de me répondre « oui ».

Vincent Taupin
Radar Entreprises · radar-entreprises.fr

Si ce sujet ne vous concerne pas, répondez simplement « stop » : je ne vous recontacterai pas."
contact@jorideal.fr,L'emballage alimentaire est notre spécialité,emballage,en France,3,Re: 1072 restaurants et commerces de bouche créés ou repris en France en 7 jours,"Bonjour,

Dernier message de ma part sur ce sujet : si la prospection des nouveaux établissements n'est pas une priorité pour vous en ce moment, je ne vous relancerai plus.

Si c'est le cas plus tard, l'essai de 7 jours reste ouvert sur https://radar-entreprises.fr.

Bonne continuation,

Vincent Taupin
Radar Entreprises · radar-entreprises.fr"
contact@evico.fr,Agence web à Bordeaux : création de site internet,web,en Gironde,1,25 restaurants et commerces de bouche créés ou repris en Gironde en 7 jours,"Bonjour,

La semaine dernière, 25 restaurants, bars et commerces de bouche ont été créés ou repris en Gironde, dont Hayal'M Kebab (Saint-André-de-Cubzac), Market Zagore (Bordeaux) et La Rôtisserie de Wendy (Cussac-Fort-Médoc).

Un établissement qui ouvre a besoin d'un site et d'une présence en ligne dans ses premières semaines. Radar Entreprises vous envoie chaque matin la liste de ceux de votre zone : nom, activité, adresse et numéro SIREN, à partir des publications officielles du BODACC. Vous les contactez avant vos concurrents.

Je vous propose 7 jours d'essai gratuit, sans carte bancaire : répondez-moi simplement avec les départements que vous couvrez, et vous recevez la première liste demain matin.

Un aperçu de l'alerte : https://radar-entreprises.fr

Vincent Taupin
Radar Entreprises · radar-entreprises.fr

Si ce sujet ne vous concerne pas, répondez simplement « stop » : je ne vous recontacterai pas."
contact@evico.fr,Agence web à Bordeaux : création de site internet,web,en Gironde,2,Re: 25 restaurants et commerces de bouche créés ou repris en Gironde en 7 jours,"Bonjour,

Je me permets de revenir vers vous. Chaque matin, Radar Entreprises repère en moyenne 5 nouveaux restaurants et commerces de bouche en Gironde.

Si vous voulez juger sur pièce, je peux vous envoyer la liste de demain, sans engagement. Il suffit de me répondre « oui ».

Vincent Taupin
Radar Entreprises · radar-entreprises.fr

Si ce sujet ne vous concerne pas, répondez simplement « stop » : je ne vous recontacterai pas."
contact@evico.fr,Agence web à Bordeaux : création de site internet,web,en Gironde,3,Re: 25 restaurants et commerces de bouche créés ou repris en Gironde en 7 jours,"Bonjour,

Dernier message de ma part sur ce sujet : si la prospection des nouveaux établissements n'est pas une priorité pour vous en ce moment, je ne vous relancerai plus.

Si c'est le cas plus tard, l'essai de 7 jours reste ouvert sur https://radar-entreprises.fr.

Bonne continuation,

Vincent Taupin
Radar Entreprises · radar-entreprises.fr"
contact@publiko.fr,Agence Web Béziers,web,dans l'Hérault,1,13 restaurants et commerces de bouche créés ou repris dans l'Hérault en 7 jours,"Bonjour,

La semaine dernière, 13 restaurants, bars et commerces de bouche ont été créés ou repris dans l'Hérault, dont La Bonne Pate (Ganges), Felix Bistrot (Neffiès) et 450 Degrés (Lunel).

Un établissement qui ouvre a besoin d'un site et d'une présence en ligne dans ses premières semaines. Radar Entreprises vous envoie chaque matin la liste de ceux de votre zone : nom, activité, adresse et numéro SIREN, à partir des publications officielles du BODACC. Vous les contactez avant vos concurrents.

Je vous propose 7 jours d'essai gratuit, sans carte bancaire : répondez-moi simplement avec les départements que vous couvrez, et vous recevez la première liste demain matin.

Un aperçu de l'alerte : https://radar-entreprises.fr

Vincent Taupin
Radar Entreprises · radar-entreprises.fr

Si ce sujet ne vous concerne pas, répondez simplement « stop » : je ne vous recontacterai pas."
contact@publiko.fr,Agence Web Béziers,web,dans l'Hérault,2,Re: 13 restaurants et commerces de bouche créés ou repris dans l'Hérault en 7 jours,"Bonjour,

Je me permets de revenir vers vous. Chaque matin, Radar Entreprises repère en moyenne 3 nouveaux restaurants et commerces de bouche dans l'Hérault.

Si vous voulez juger sur pièce, je peux vous envoyer la liste de demain, sans engagement. Il suffit de me répondre « oui ».

Vincent Taupin
Radar Entreprises · radar-entreprises.fr

Si ce sujet ne vous concerne pas, répondez simplement « stop » : je ne vous recontacterai pas."
contact@publiko.fr,Agence Web Béziers,web,dans l'Hérault,3,Re: 13 restaurants et commerces de bouche créés ou repris dans l'Hérault en 7 jours,"Bonjour,

Dernier message de ma part sur ce sujet : si la prospection des nouveaux établissements n'est pas une priorité pour vous en ce moment, je ne vous relancerai plus.

Si c'est le cas plus tard, l'essai de 7 jours reste ouvert sur https://radar-entreprises.fr.

Bonne continuation,

Vincent Taupin
Radar Entreprises · radar-entreprises.fr"
contact@peechy.fr,Peechy,web,en France,1,1072 restaurants et commerces de bouche créés ou repris en France en 7 jours,"Bonjour,

La semaine dernière, 1072 restaurants, bars et commerces de bouche ont été créés ou repris en France, dont Si (Salon-de-Provence), Naisca (Marseille 1er) et Eurl Le Grand Sylvain (Trélévern).

Un établissement qui ouvre a besoin d'un site et d'une présence en ligne dans ses premières semaines. Radar Entreprises vous envoie chaque matin la liste de ceux de votre zone : nom, activité, adresse et numéro SIREN, à partir des publications officielles du BODACC. Vous les contactez avant vos concurrents.

Je vous propose 7 jours d'essai gratuit, sans carte bancaire : répondez-moi simplement avec les départements que vous couvrez, et vous recevez la première liste demain matin.

Un aperçu de l'alerte : https://radar-entreprises.fr

Vincent Taupin
Radar Entreprises · radar-entreprises.fr

Si ce sujet ne vous concerne pas, répondez simplement « stop » : je ne vous recontacterai pas."
contact@peechy.fr,Peechy,web,en France,2,Re: 1072 restaurants et commerces de bouche créés ou repris en France en 7 jours,"Bonjour,

Je me permets de revenir vers vous. Chaque matin, Radar Entreprises repère en moyenne 214 nouveaux restaurants et commerces de bouche en France.

Si vous voulez juger sur pièce, je peux vous envoyer la liste de demain, sans engagement. Il suffit de me répondre « oui ».

Vincent Taupin
Radar Entreprises · radar-entreprises.fr

Si ce sujet ne vous concerne pas, répondez simplement « stop » : je ne vous recontacterai pas."
contact@peechy.fr,Peechy,web,en France,3,Re: 1072 restaurants et commerces de bouche créés ou repris en France en 7 jours,"Bonjour,

Dernier message de ma part sur ce sujet : si la prospection des nouveaux établissements n'est pas une priorité pour vous en ce moment, je ne vous relancerai plus.

Si c'est le cas plus tard, l'essai de 7 jours reste ouvert sur https://radar-entreprises.fr.

Bonne continuation,

Vincent Taupin
Radar Entreprises · radar-entreprises.fr"
contact@agence-dbw.fr,Agence de communication Angers,web,en Maine-et-Loire,1,12 restaurants et commerces de bouche créés ou repris en Maine-et-Loire en 7 jours,"Bonjour,

La semaine dernière, 12 restaurants, bars et commerces de bouche ont été créés ou repris en Maine-et-Loire, dont Le Totem (Angers), Le comptoir de Ben & Lolo (Brissac Loire Aubance) et Hada Restauration (Angers).

Un établissement qui ouvre a besoin d'un site et d'une présence en ligne dans ses premières semaines. Radar Entreprises vous envoie chaque matin la liste de ceux de votre zone : nom, activité, adresse et numéro SIREN, à partir des publications officielles du BODACC. Vous les contactez avant vos concurrents.

Je vous propose 7 jours d'essai gratuit, sans carte bancaire : répondez-moi simplement avec les départements que vous couvrez, et vous recevez la première liste demain matin.

Un aperçu de l'alerte : https://radar-entreprises.fr

Vincent Taupin
Radar Entreprises · radar-entreprises.fr

Si ce sujet ne vous concerne pas, répondez simplement « stop » : je ne vous recontacterai pas."
contact@agence-dbw.fr,Agence de communication Angers,web,en Maine-et-Loire,2,Re: 12 restaurants et commerces de bouche créés ou repris en Maine-et-Loire en 7 jours,"Bonjour,

Je me permets de revenir vers vous. Chaque matin, Radar Entreprises repère en moyenne 2 nouveaux restaurants et commerces de bouche en Maine-et-Loire.

Si vous voulez juger sur pièce, je peux vous envoyer la liste de demain, sans engagement. Il suffit de me répondre « oui ».

Vincent Taupin
Radar Entreprises · radar-entreprises.fr

Si ce sujet ne vous concerne pas, répondez simplement « stop » : je ne vous recontacterai pas."
contact@agence-dbw.fr,Agence de communication Angers,web,en Maine-et-Loire,3,Re: 12 restaurants et commerces de bouche créés ou repris en Maine-et-Loire en 7 jours,"Bonjour,

Dernier message de ma part sur ce sujet : si la prospection des nouveaux établissements n'est pas une priorité pour vous en ce moment, je ne vous relancerai plus.

Si c'est le cas plus tard, l'essai de 7 jours reste ouvert sur https://radar-entreprises.fr.

Bonne continuation,

Vincent Taupin
Radar Entreprises · radar-entreprises.fr"
contact@latelier-conceptionweb.com,Agence web Nantes,web,en Loire-Atlantique,1,11 restaurants et commerces de bouche créés ou repris en Loire-Atlantique en 7 jours,"Bonjour,

La semaine dernière, 11 restaurants, bars et commerces de bouche ont été créés ou repris en Loire-Atlantique, dont Restaurant Le Castelli - Hotel De La Poste (Piriac-sur-Mer), Crêperie Martin (Herbignac) et Asb Food (Saint-Herblain).

Un établissement qui ouvre a besoin d'un site et d'une présence en ligne dans ses premières semaines. Radar Entreprises vous envoie chaque matin la liste de ceux de votre zone : nom, activité, adresse et numéro SIREN, à partir des publications officielles du BODACC. Vous les contactez avant vos concurrents.

Je vous propose 7 jours d'essai gratuit, sans carte bancaire : répondez-moi simplement avec les départements que vous couvrez, et vous recevez la première liste demain matin.

Un aperçu de l'alerte : https://radar-entreprises.fr

Vincent Taupin
Radar Entreprises · radar-entreprises.fr

Si ce sujet ne vous concerne pas, répondez simplement « stop » : je ne vous recontacterai pas."
contact@latelier-conceptionweb.com,Agence web Nantes,web,en Loire-Atlantique,2,Re: 11 restaurants et commerces de bouche créés ou repris en Loire-Atlantique en 7 jours,"Bonjour,

Je me permets de revenir vers vous. Chaque matin, Radar Entreprises repère en moyenne 2 nouveaux restaurants et commerces de bouche en Loire-Atlantique.

Si vous voulez juger sur pièce, je peux vous envoyer la liste de demain, sans engagement. Il suffit de me répondre « oui ».

Vincent Taupin
Radar Entreprises · radar-entreprises.fr

Si ce sujet ne vous concerne pas, répondez simplement « stop » : je ne vous recontacterai pas."
contact@latelier-conceptionweb.com,Agence web Nantes,web,en Loire-Atlantique,3,Re: 11 restaurants et commerces de bouche créés ou repris en Loire-Atlantique en 7 jours,"Bonjour,

Dernier message de ma part sur ce sujet : si la prospection des nouveaux établissements n'est pas une priorité pour vous en ce moment, je ne vous relancerai plus.

Si c'est le cas plus tard, l'essai de 7 jours reste ouvert sur https://radar-entreprises.fr.

Bonne continuation,

Vincent Taupin
Radar Entreprises · radar-entreprises.fr"
contact@agence2web.com,Création site internet sur mesure,web,en France,1,1072 restaurants et commerces de bouche créés ou repris en France en 7 jours,"Bonjour,

La semaine dernière, 1072 restaurants, bars et commerces de bouche ont été créés ou repris en France, dont Si (Salon-de-Provence), Naisca (Marseille 1er) et Eurl Le Grand Sylvain (Trélévern).

Un établissement qui ouvre a besoin d'un site et d'une présence en ligne dans ses premières semaines. Radar Entreprises vous envoie chaque matin la liste de ceux de votre zone : nom, activité, adresse et numéro SIREN, à partir des publications officielles du BODACC. Vous les contactez avant vos concurrents.

Je vous propose 7 jours d'essai gratuit, sans carte bancaire : répondez-moi simplement avec les départements que vous couvrez, et vous recevez la première liste demain matin.

Un aperçu de l'alerte : https://radar-entreprises.fr

Vincent Taupin
Radar Entreprises · radar-entreprises.fr

Si ce sujet ne vous concerne pas, répondez simplement « stop » : je ne vous recontacterai pas."
contact@agence2web.com,Création site internet sur mesure,web,en France,2,Re: 1072 restaurants et commerces de bouche créés ou repris en France en 7 jours,"Bonjour,

Je me permets de revenir vers vous. Chaque matin, Radar Entreprises repère en moyenne 214 nouveaux restaurants et commerces de bouche en France.

Si vous voulez juger sur pièce, je peux vous envoyer la liste de demain, sans engagement. Il suffit de me répondre « oui ».

Vincent Taupin
Radar Entreprises · radar-entreprises.fr

Si ce sujet ne vous concerne pas, répondez simplement « stop » : je ne vous recontacterai pas."
contact@agence2web.com,Création site internet sur mesure,web,en France,3,Re: 1072 restaurants et commerces de bouche créés ou repris en France en 7 jours,"Bonjour,

Dernier message de ma part sur ce sujet : si la prospection des nouveaux établissements n'est pas une priorité pour vous en ce moment, je ne vous relancerai plus.

Si c'est le cas plus tard, l'essai de 7 jours reste ouvert sur https://radar-entreprises.fr.

Bonne continuation,

Vincent Taupin
Radar Entreprises · radar-entreprises.fr"
